epoch,seed,config,train_loss,train_f1,val_loss,val_f1
1,42,LR=1e-02_BS=64,1.7586553428226046,0.33868420614599304,1.453616618092855,0.4504177025616468
2,42,LR=1e-02_BS=64,1.2936951837327746,0.5215656870356874,1.237264330429501,0.5414001994749935
3,42,LR=1e-02_BS=64,1.0661721885257298,0.6128111550600137,0.991424038304223,0.6345121308924384
4,42,LR=1e-02_BS=64,0.9100080194473267,0.6724050747014083,0.9063152653535207,0.6685070654056552
5,42,LR=1e-02_BS=64,0.7887717889361912,0.7169477268592199,0.8893525922669304,0.6850905066085857
6,42,LR=1e-02_BS=64,0.6821741977267796,0.755997429783241,0.8663508567227257,0.6981046959091186
7,42,LR=1e-02_BS=64,0.5691393618689643,0.7950469193481842,0.8410737790001763,0.7132298916412934
8,42,LR=1e-02_BS=64,0.4645741096920437,0.833152084004884,0.9303411508162817,0.7005159536395886
9,42,LR=1e-02_BS=64,0.3665571161164178,0.8684451017710056,0.9485380448314878,0.7146654685268731
10,42,LR=1e-02_BS=64,0.2853935809029473,0.8968769536774609,1.1067780694087346,0.6974611693664043
11,42,LR=1e-02_BS=64,0.22530521819326613,0.9192778283806378,1.150831511317359,0.7014711428216411
12,42,LR=1e-02_BS=64,0.1886217351105478,0.9333450552933489,1.243340839627054,0.7002200530350999
13,42,LR=1e-02_BS=64,0.1600470947239134,0.9433230410746342,1.3039857649352815,0.7051090174977217
14,42,LR=1e-02_BS=64,0.1430808883216646,0.9490702164993421,1.3824728201495275,0.7048632343616321
15,42,LR=1e-02_BS=64,0.12754557115236917,0.9551826936040607,1.4409602588269446,0.7024200950036052
16,42,LR=1e-02_BS=64,0.121157184549835,0.957833956796996,1.5509995803180667,0.6905252380957541
17,42,LR=1e-02_BS=64,0.11024048553440306,0.960946199346359,1.4946527077794074,0.7030512917690748
18,42,LR=1e-02_BS=64,0.0993354125926892,0.9649113574626735,1.6106606103950076,0.7011878900660904
19,42,LR=1e-02_BS=64,0.09905019435750113,0.965254601282752,1.6307511775930723,0.7049210789917613
20,42,LR=1e-02_BS=64,0.08837780056893825,0.9691997154319487,1.6176957066800859,0.7004896252156797
21,42,LR=1e-02_BS=64,0.0873058109667566,0.9698740342690367,1.6090255428430107,0.7032333526206005
22,42,LR=1e-02_BS=64,0.08290785937027799,0.9709424497132467,1.7189814619753097,0.6919892570611844
23,42,LR=1e-02_BS=64,0.07772354351729155,0.9733765977077635,1.8398628642155064,0.6952070692126018
24,42,LR=1e-02_BS=64,0.07535734139490459,0.97444176379298,1.698509215365516,0.706865126941391
25,42,LR=1e-02_BS=64,0.0735631073501375,0.9746540018311751,1.7317216628697183,0.7010905509023513
1,123,LR=1e-02_BS=64,1.857982348484463,0.29693537842515294,1.6668857767740886,0.37176236007880664
2,123,LR=1e-02_BS=64,1.4393806588490805,0.4582906107587414,1.351114276292589,0.5035003237656535
3,123,LR=1e-02_BS=64,1.1996107634650337,0.5587995285922414,1.1201388249927098,0.5896470166624243
4,123,LR=1e-02_BS=64,1.038663890669081,0.6213174275814601,1.034984012974633,0.6209972789029599
5,123,LR=1e-02_BS=64,0.9194252184973822,0.6690246455349855,0.9327113908555773,0.6627785273934406
6,123,LR=1e-02_BS=64,0.819322140094969,0.7051792445852632,0.9261077915562523,0.6655319547786032
7,123,LR=1e-02_BS=64,0.7360931627644433,0.7363950631041694,0.8575237619188096,0.690264265706802
8,123,LR=1e-02_BS=64,0.6535184448666043,0.7653327786905187,0.8810466684447394,0.6963124960553566
9,123,LR=1e-02_BS=64,0.5753434653811984,0.7940733666633928,0.8540327496210735,0.7077626770193698
10,123,LR=1e-02_BS=64,0.5004319229443868,0.820628149338402,0.8906820671796799,0.7077688537594328
11,123,LR=1e-02_BS=64,0.4274791834831238,0.8436023981293843,1.0244969866779114,0.686561734534685
12,123,LR=1e-02_BS=64,0.3686485608842638,0.8667022483100677,1.03082106268141,0.7036830970021523
13,123,LR=1e-02_BS=64,0.31277632410261363,0.8878672067829919,1.0818766522222094,0.7012084461403214
14,123,LR=1e-02_BS=64,0.27182142052650454,0.9013619346625873,1.168300370226966,0.6954386581707536
15,123,LR=1e-02_BS=64,0.22823631608486175,0.9178478353235529,1.1971772657685809,0.7000042194281677
16,123,LR=1e-02_BS=64,0.20750064842965868,0.9251204797325844,1.287335730682479,0.6971403593430475
17,123,LR=1e-02_BS=64,0.18607003696891997,0.9328526832859018,1.4031883788254527,0.6949399604711692
18,123,LR=1e-02_BS=64,0.1652520696984397,0.9411732003882888,1.4121504289017783,0.6933759018770903
19,123,LR=1e-02_BS=64,0.1522777735988299,0.9459370952310231,1.4593692983137236,0.6967664803318696
20,123,LR=1e-02_BS=64,0.14515460950401093,0.9489902294246942,1.5163348703887727,0.68960184496907
21,123,LR=1e-02_BS=64,0.13448002720276514,0.9518815856997375,1.5119806904786164,0.6919622189752546
22,123,LR=1e-02_BS=64,0.12099322730302811,0.9572570741052161,1.6433574580669403,0.6978917632657241
23,123,LR=1e-02_BS=64,0.11893288469513258,0.9587983550102038,1.5842946143468222,0.6927519253320013
24,123,LR=1e-02_BS=64,0.11198361526197857,0.9603280225814711,1.6256604274935194,0.6909819437783182
25,123,LR=1e-02_BS=64,0.10626561626858182,0.9627456185442569,1.6016142250590855,0.6934381745342952
1,2024,LR=1e-02_BS=64,1.6824927116394044,0.368068440340019,1.4160699295997619,0.45374830497572016
2,2024,LR=1e-02_BS=64,1.2109193416595458,0.5551801282084681,1.1389796263376872,0.5833204888149603
3,2024,LR=1e-02_BS=64,1.006495268037584,0.6364788750791143,0.9540873869684008,0.6552335455815025
4,2024,LR=1e-02_BS=64,0.8654974718411763,0.6894863666906785,0.9018520915402306,0.678605151737719
5,2024,LR=1e-02_BS=64,0.7534260117212931,0.7289847990420888,0.8803366887622409,0.6903548781504641
6,2024,LR=1e-02_BS=64,0.6487881687376235,0.7665333715434535,0.8604853515545527,0.6995623303777581
7,2024,LR=1e-02_BS=64,0.5433149597697787,0.804512496339725,0.858570019586881,0.7067255803297152
8,2024,LR=1e-02_BS=64,0.4420282234562768,0.8403078898555452,0.9320298696464963,0.7023421985543594
9,2024,LR=1e-02_BS=64,0.3406798766348097,0.8770212399006038,0.9816141468842824,0.7144134724636627
10,2024,LR=1e-02_BS=64,0.2715161416106754,0.9037413697482325,1.0988026179452737,0.706586417900968
11,2024,LR=1e-02_BS=64,0.21517447296645906,0.9231288359014977,1.1250294661800067,0.7123570594390223
12,2024,LR=1e-02_BS=64,0.1777802201549212,0.9373588100216814,1.2821644497421052,0.7044980874730595
13,2024,LR=1e-02_BS=64,0.15603825299872293,0.9444431682380234,1.3066765516413583,0.7054801553196239
14,2024,LR=1e-02_BS=64,0.1369853833357493,0.9517160087008959,1.3549319091849856,0.7050962713460246
15,2024,LR=1e-02_BS=64,0.1253542519112428,0.9562770913263862,1.3913531938797898,0.7095986907898986
16,2024,LR=1e-02_BS=64,0.11434112302346362,0.9593960045660893,1.4740085003998544,0.7044235403673185
17,2024,LR=1e-02_BS=64,0.10657410610483753,0.9628322328668701,1.5406421753644943,0.7035385805669742
18,2024,LR=1e-02_BS=64,0.09792281163384517,0.9649020968764048,1.5691762100166744,0.7052840488475638
19,2024,LR=1e-02_BS=64,0.09246333009236389,0.9672989816430452,1.6384304612679614,0.7034843888247121
20,2024,LR=1e-02_BS=64,0.08515745288895236,0.9702674974029483,1.6661161771138508,0.7016814067302029
21,2024,LR=1e-02_BS=64,0.0822694896073805,0.9714546325461789,1.5812386331505246,0.7103572267473333
22,2024,LR=1e-02_BS=64,0.08296828232192331,0.9710222609083978,1.625423399013612,0.7044502968964295
23,2024,LR=1e-02_BS=64,0.07547329382159644,0.9740203663499629,1.6348664765252008,0.7050745247467474
24,2024,LR=1e-02_BS=64,0.0749150716021657,0.9741352391144902,1.659842656657431,0.7062404696370679
25,2024,LR=1e-02_BS=64,0.0669458921858006,0.9763539073415238,1.7411234398245812,0.7032198142482062
1,7,LR=1e-02_BS=64,1.7685287829928928,0.3294481506939256,1.4649306046803792,0.44534412700331216
2,7,LR=1e-02_BS=64,1.312786003282335,0.5131046606828303,1.2078937451786464,0.5582081262223069
3,7,LR=1e-02_BS=64,1.114366370455424,0.5920327911957008,1.0617497652371723,0.6110440258491763
4,7,LR=1e-02_BS=64,0.9706952045864529,0.6473524885188218,0.9744744734075335,0.6536116579855908
5,7,LR=1e-02_BS=64,0.8605057510587905,0.6908231158662579,0.9388800567256079,0.6690897454684271
6,7,LR=1e-02_BS=64,0.7592846214082506,0.7277787235002486,0.8712985175185733,0.6900044838584807
7,7,LR=1e-02_BS=64,0.6711646185874939,0.7603147738933477,0.8470093621412913,0.7043931336332846
8,7,LR=1e-02_BS=64,0.5807913592656453,0.7921968642624464,0.917361060500145,0.6943831241829119
9,7,LR=1e-02_BS=64,0.4941207536061605,0.8225672396070886,0.9175658196873135,0.7076745267376323
10,7,LR=1e-02_BS=64,0.4142498371071286,0.8515549613214783,0.9305958455536101,0.7141655343489302
11,7,LR=1e-02_BS=64,0.3455460578759511,0.8755659574406153,0.9849382661024729,0.7121998396151712
12,7,LR=1e-02_BS=64,0.2856697666115231,0.8974573762808404,1.195198305243916,0.6920009795541671
13,7,LR=1e-02_BS=64,0.2417298963851399,0.9134458194013975,1.1684668060137167,0.7038168786601322
14,7,LR=1e-02_BS=64,0.20480319449769127,0.9263877101134005,1.2762860961410734,0.7016140861259509
15,7,LR=1e-02_BS=64,0.182438163236777,0.9352488620145671,1.3571941773454348,0.6972898141118329
16,7,LR=1e-02_BS=64,0.15774092038207585,0.9436020991956255,1.310298323506779,0.7061718753506268
17,7,LR=1e-02_BS=64,0.14874375283585656,0.9477292034886784,1.4411769956562255,0.7020304254847441
18,7,LR=1e-02_BS=64,0.13275122256212765,0.9529071055153182,1.4970764276915127,0.6940885835209346
19,7,LR=1e-02_BS=64,0.12728203852673373,0.9559117139646791,1.4583707774851058,0.6947260501673288
20,7,LR=1e-02_BS=64,0.11756743209328917,0.9591422359606412,1.5103949268261592,0.7031171614576576
21,7,LR=1e-02_BS=64,0.11056830363174279,0.9611761402902712,1.6078691620568435,0.7009211288194217
22,7,LR=1e-02_BS=64,0.10456845279534657,0.9628491658914962,1.5664995162944,0.7025783914977428
23,7,LR=1e-02_BS=64,0.09917515819105838,0.9653282895784638,1.6436616637706756,0.701607615211093
24,7,LR=1e-02_BS=64,0.09281850370499822,0.9677872264344753,1.6738549915052123,0.7022932085401079
25,7,LR=1e-02_BS=64,0.08842802684969372,0.9693950870570536,1.7232882604440054,0.6908724365418151
1,999,LR=1e-02_BS=64,1.7807986208809747,0.3307542326330955,1.5918938326093885,0.4072859584144758
2,999,LR=1e-02_BS=64,1.3444076652950712,0.5003102382831346,1.320992561033037,0.5134603659540101
3,999,LR=1e-02_BS=64,1.1356611195034452,0.5848454474017097,1.136318858634101,0.594441068198598
4,999,LR=1e-02_BS=64,0.9587033229404026,0.6531238498570262,0.9382338968012068,0.6610314063704039
5,999,LR=1e-02_BS=64,0.8442344704522027,0.695651352165255,0.9146433981842464,0.6699415844424745
6,999,LR=1e-02_BS=64,0.7379842685911391,0.7357373974205099,0.9280264477094015,0.6801476497076365
7,999,LR=1e-02_BS=64,0.6410621573766072,0.7664109118843705,0.8434843899488449,0.7053350784707871
8,999,LR=1e-02_BS=64,0.5441048229111566,0.8034853064403352,0.9156076291773054,0.7026322219858886
9,999,LR=1e-02_BS=64,0.44326618167559306,0.8385659320756013,0.9324083734247419,0.7030414647388834
10,999,LR=1e-02_BS=64,0.3571517869949341,0.8712131843968717,1.035641888692644,0.6995394224975324
11,999,LR=1e-02_BS=64,0.2857892319838206,0.8968304935935425,1.0669160972780651,0.7025394436299603
12,999,LR=1e-02_BS=64,0.23311879052056206,0.916105584500597,1.2672169118298424,0.6935087826464663
13,999,LR=1e-02_BS=64,0.19811996447510188,0.9295687771071052,1.2578492344193988,0.6951952496260425
14,999,LR=1e-02_BS=64,0.17106656953096389,0.9390798734276083,1.394547890135977,0.6975443648424846
15,999,LR=1e-02_BS=64,0.15078232158157562,0.9471606257671823,1.4070776338905095,0.6962213895874408
16,999,LR=1e-02_BS=64,0.13829152246846094,0.9510258705690655,1.4640024666315978,0.6915638316715353
17,999,LR=1e-02_BS=64,0.12336592430538601,0.9564927067244751,1.594915955016348,0.6854823931896072
18,999,LR=1e-02_BS=64,0.12096228210197554,0.957785029608065,1.598996249792642,0.6866995141689223
19,999,LR=1e-02_BS=64,0.11080855838623312,0.9603861749546031,1.6822677223775122,0.6814728100713056
20,999,LR=1e-02_BS=64,0.1037442407399416,0.9641393243424454,1.664235047282113,0.6846427705582786
21,999,LR=1e-02_BS=64,0.09845176400774056,0.9663099462520723,1.6506808885759778,0.6948897343720015
22,999,LR=1e-02_BS=64,0.09183025853600767,0.968066288045421,1.6754145782732301,0.6944390709354137
23,999,LR=1e-02_BS=64,0.09094048085610072,0.9674981084955139,1.7296970745563507,0.6917214559451794
24,999,LR=1e-02_BS=64,0.0849594063249727,0.9697981294445182,1.7864259009652668,0.696532406453017
25,999,LR=1e-02_BS=64,0.07981170294483503,0.9723553153615304,1.7641994256565967,0.6935760160154392
1,42,LR=1e-03_BS=64,1.0761788477049934,0.6165732392532665,0.9111664501243167,0.6760732237219922
2,42,LR=1e-03_BS=64,0.7518963823318482,0.7345439168961653,0.8021415559795168,0.7124528729828249
3,42,LR=1e-03_BS=64,0.5949506518257989,0.7876424390313798,0.6751855788866679,0.7668756454672425
4,42,LR=1e-03_BS=64,0.4656361720561981,0.8351532891069487,0.6879251964118746,0.7619329431099151
5,42,LR=1e-03_BS=64,0.3363208493895001,0.88024576351715,0.7625053192628755,0.7582529918600016
6,42,LR=1e-03_BS=64,0.24093531911902957,0.9144671851675416,0.8243312463482221,0.7613376457527521
7,42,LR=1e-03_BS=64,0.17241611578861873,0.9396143841706139,0.9152344564921326,0.7627970823398689
8,42,LR=1e-03_BS=64,0.13560722715589735,0.9525552033087399,0.9263368502908282,0.7678007997061621
9,42,LR=1e-03_BS=64,0.11103255956371626,0.9609633523763833,1.0511396579649714,0.7606659978294703
10,42,LR=1e-03_BS=64,0.09545274260805713,0.9665516220224362,1.1371456369125181,0.7611585440531053
11,42,LR=1e-03_BS=64,0.08549103160268731,0.9696761052201108,1.0990281981026133,0.7624225259743422
12,42,LR=1e-03_BS=64,0.0781463185293807,0.9728455844492956,1.145014788193173,0.7625105129611781
13,42,LR=1e-03_BS=64,0.07099952138861021,0.9749325528394911,1.1760911790741815,0.7629643961952823
14,42,LR=1e-03_BS=64,0.06578492426408662,0.9773220844460916,1.2067908170415296,0.7617770544509064
15,42,LR=1e-03_BS=64,0.059491928772959446,0.9796001739330291,1.2153237864348623,0.7636801970705063
16,42,LR=1e-03_BS=64,0.06069316606910692,0.9792325664676316,1.1656279037973118,0.7672805558746882
17,42,LR=1e-03_BS=64,0.052481805259527434,0.9817657851840049,1.1662030421170095,0.7677545764230982
18,42,LR=1e-03_BS=64,0.05020754055765768,0.9824891931061217,1.2769714654025104,0.7619213103256153
19,42,LR=1e-03_BS=64,0.04722420400625302,0.9835896818373845,1.2551928737647005,0.7617504456611895
20,42,LR=1e-03_BS=64,0.04589339730884466,0.9841665023869366,1.3084466030011574,0.7604680183744131
21,42,LR=1e-03_BS=64,0.042187756602507495,0.9850549346240852,1.2695864550173284,0.76447058588965
22,42,LR=1e-03_BS=64,0.041967821293655366,0.9858786879322967,1.2864771782209476,0.7636578063822924
23,42,LR=1e-03_BS=64,0.03775409545986396,0.9868002427271702,1.2838014979143937,0.7626722166462686
24,42,LR=1e-03_BS=64,0.03951420392792465,0.9863554659061176,1.25132531331612,0.7690234230791406
25,42,LR=1e-03_BS=64,0.03631623604854362,0.9872668887952265,1.326201612314199,0.7665581979929172
1,123,LR=1e-03_BS=64,1.081619457160102,0.6122447199325043,0.9174325432035658,0.6769440675922397
2,123,LR=1e-03_BS=64,0.743495202975803,0.7364916769397176,0.7386140554587046,0.7350180671037518
3,123,LR=1e-03_BS=64,0.5874224136352539,0.7920150050546712,0.7071516912937165,0.7527035721823094
4,123,LR=1e-03_BS=64,0.4596278605249193,0.8371523259787719,0.7024380686150656,0.7615992099264995
5,123,LR=1e-03_BS=64,0.3399570982032352,0.8796322350341688,0.6939829326444202,0.7736902192197835
6,123,LR=1e-03_BS=64,0.23397727399402193,0.9160380021354287,0.8073529112550948,0.7673635205095213
7,123,LR=1e-03_BS=64,0.17306395552423265,0.9390503391479623,0.8844015605986119,0.771303222828629
8,123,LR=1e-03_BS=64,0.13227425359023942,0.9537096570473821,0.9238786968827247,0.7733136433410012
9,123,LR=1e-03_BS=64,0.10943207070794371,0.9613111871828268,1.0273561873502202,0.7673464782175514
10,123,LR=1e-03_BS=64,0.09722890973488489,0.9659332635653353,1.0643218112188908,0.7705770265853049
11,123,LR=1e-03_BS=64,0.08651929840511746,0.9698745464212741,1.0588703120506473,0.7691420165551628
12,123,LR=1e-03_BS=64,0.07745676065716478,0.9731200335932982,1.089060436161028,0.7667091239913467
13,123,LR=1e-03_BS=64,0.0718239858471685,0.9752555152707176,1.1614793417116007,0.7647306715779923
14,123,LR=1e-03_BS=64,0.06642396915935808,0.9769550418400238,1.178826434527503,0.7638382027075795
15,123,LR=1e-03_BS=64,0.060394436747332414,0.9788878502917449,1.1793247041603758,0.759557541184154
16,123,LR=1e-03_BS=64,0.056284784006658525,0.9808105959902693,1.1782625459704135,0.7672756480712044
17,123,LR=1e-03_BS=64,0.05639336852158109,0.980631905556059,1.1599618618728387,0.7719865690663086
18,123,LR=1e-03_BS=64,0.04910881519160337,0.9823889408611217,1.210693017865552,0.7687215210454093
19,123,LR=1e-03_BS=64,0.04612131010803083,0.984388495400184,1.2564299374711596,0.76495761108859
20,123,LR=1e-03_BS=64,0.04507373455369638,0.9838453806283441,1.2412548875205633,0.7626098486933884
21,123,LR=1e-03_BS=64,0.04310743904188275,0.9850556453286095,1.3376770130601194,0.7616222240345425
22,123,LR=1e-03_BS=64,0.03995805648515622,0.9857781509264443,1.2898311441441377,0.7670238437767793
23,123,LR=1e-03_BS=64,0.038357641143062046,0.9868109547609425,1.2799711187226077,0.7689272448829921
24,123,LR=1e-03_BS=64,0.03705246038797001,0.9876884994047112,1.3614004033479425,0.7622755247563646
25,123,LR=1e-03_BS=64,0.03751742267979102,0.987022421465759,1.3422491139411927,0.7685347368349291
1,2024,LR=1e-03_BS=64,1.0764579445309108,0.6159712610825538,0.8495971206055747,0.6975698030903732
2,2024,LR=1e-03_BS=64,0.7529485220273335,0.7323017400289291,0.7380415944258372,0.7412319044414282
3,2024,LR=1e-03_BS=64,0.5958036564509074,0.787668703584616,0.6626167446507348,0.7664174100276073
4,2024,LR=1e-03_BS=64,0.4656708703464932,0.8345572227031983,0.7054056041876475,0.7625628500683445
5,2024,LR=1e-03_BS=64,0.34366583010355634,0.877295922714414,0.7428135010215972,0.7667269179047139
6,2024,LR=1e-03_BS=64,0.24482809480561152,0.9130750625747599,0.7868905325816737,0.7671344039806146
7,2024,LR=1e-03_BS=64,0.17508505643606187,0.9388238318937521,0.921209325548013,0.7579955477597955
8,2024,LR=1e-03_BS=64,0.1384687491648727,0.9512362387977886,0.919602399906185,0.7650995321570035
9,2024,LR=1e-03_BS=64,0.11358824551403522,0.9611078778469491,0.9586011563082536,0.766927223352025
10,2024,LR=1e-03_BS=64,0.09728383267472188,0.9654628446993054,1.097556116493874,0.7539604000659261
11,2024,LR=1e-03_BS=64,0.08657033511752056,0.9698557692868018,1.0850499902721908,0.764622293285041
12,2024,LR=1e-03_BS=64,0.08189776590532727,0.9715886491663422,1.1156382023918132,0.7646832014003234
13,2024,LR=1e-03_BS=64,0.07047743482995364,0.9757994761632176,1.0886846241507264,0.7642960953194102
14,2024,LR=1e-03_BS=64,0.06862706838713752,0.9759562510165045,1.1432995937612322,0.7587120418822129
15,2024,LR=1e-03_BS=64,0.060691460081976324,0.978644200834923,1.1776079676561886,0.7652171798396437
16,2024,LR=1e-03_BS=64,0.05914032190963626,0.979465138267907,1.2182171661602126,0.7644711505988118
17,2024,LR=1e-03_BS=64,0.05249880598518584,0.9824778168884769,1.26658446134958,0.7639133059393733
18,2024,LR=1e-03_BS=64,0.05438394159475962,0.981166466124708,1.2603481454663754,0.754604196877691
19,2024,LR=1e-03_BS=64,0.048218679565687976,0.9832452573872409,1.1814126387847794,0.7702654146112583
20,2024,LR=1e-03_BS=64,0.042793777557628025,0.9853434364292706,1.2669165872209602,0.7648218865132382
21,2024,LR=1e-03_BS=64,0.045420922205948996,0.9840328937924193,1.308917254557212,0.7652854711946586
22,2024,LR=1e-03_BS=64,0.0419142837346221,0.985044136687527,1.314948535746005,0.766555808680726
23,2024,LR=1e-03_BS=64,0.038623356463035774,0.9864440091313229,1.2616293577591577,0.7697138168221795
24,2024,LR=1e-03_BS=64,0.03896802098587569,0.9867093591435667,1.249845865500884,0.7648704981436041
25,2024,LR=1e-03_BS=64,0.03683140480425209,0.9876332205414624,1.3178617053749662,0.7700052744050905
1,7,LR=1e-03_BS=64,1.0581675299326578,0.6221873179235351,0.8659559756067065,0.6931570457668446
2,7,LR=1e-03_BS=64,0.73574842821757,0.7379524556434699,0.7091167260885238,0.7476118370824729
3,7,LR=1e-03_BS=64,0.585498238685396,0.7914319462551742,0.691931488582823,0.7573612030506574
4,7,LR=1e-03_BS=64,0.449784909608629,0.8394835765541065,0.6727479464557435,0.7731485453093875
5,7,LR=1e-03_BS=64,0.3337556677553389,0.8815064201710954,0.7544016998926798,0.7656396633814874
6,7,LR=1e-03_BS=64,0.23495868547757467,0.9151069372048838,0.7784021643605498,0.7700007359407439
7,7,LR=1e-03_BS=64,0.17457292427751753,0.9385560998533153,0.8726425040695402,0.7689155343530183
8,7,LR=1e-03_BS=64,0.1328085551844703,0.9535871288662061,0.987186358806822,0.7673181554427028
9,7,LR=1e-03_BS=64,0.11276077183749941,0.9607644664590286,0.9695893388403787,0.7724620194482575
10,7,LR=1e-03_BS=64,0.09648812929756112,0.966396687590751,1.0729609577616055,0.7654798698791143
11,7,LR=1e-03_BS=64,0.08810110514108091,0.9691328921515356,1.0465832036089566,0.7712590026113497
12,7,LR=1e-03_BS=64,0.07460457024673621,0.9742664727947441,1.121040704493059,0.7626114370478734
13,7,LR=1e-03_BS=64,0.07046873910940356,0.9755098225086491,1.1928137284460996,0.7622662126325359
14,7,LR=1e-03_BS=64,0.06763775611354245,0.9762878656322002,1.162871791224016,0.7628560032925493
15,7,LR=1e-03_BS=64,0.06441433555223047,0.9777568590031084,1.130125584265507,0.766908781529497
16,7,LR=1e-03_BS=64,0.055449964494423735,0.9805646619471411,1.2119698192611337,0.7519678998110001
17,7,LR=1e-03_BS=64,0.05171094522116085,0.9820890505922802,1.1667146433260707,0.7701235360210668
18,7,LR=1e-03_BS=64,0.05043479197364714,0.9827770638854781,1.1743788309329086,0.7707664596259396
19,7,LR=1e-03_BS=64,0.04855923866613044,0.983211113705781,1.180457627860705,0.7709426779935812
20,7,LR=1e-03_BS=64,0.04325551967364218,0.9851777465842865,1.227115499989854,0.7718843436699153
21,7,LR=1e-03_BS=64,0.04507922835093406,0.9845006668035315,1.2434845080888934,0.7686608185712693
22,7,LR=1e-03_BS=64,0.03864596019724591,0.9868115575904417,1.3246600245826774,0.7676705917735771
23,7,LR=1e-03_BS=64,0.040829491825256914,0.9855780519841508,1.1890084196123811,0.7669239013955232
24,7,LR=1e-03_BS=64,0.03767447357587516,0.9877447704054904,1.2729873759892252,0.7735484155843925
25,7,LR=1e-03_BS=64,0.03606962535853187,0.987488654980529,1.254345879460209,0.7719073745113489
1,999,LR=1e-03_BS=64,1.0959716960483128,0.6091602718864928,0.8823391780005561,0.6803768618317232
2,999,LR=1e-03_BS=64,0.7641414944542779,0.7291947651124475,0.7331287507083681,0.7383548675047379
3,999,LR=1e-03_BS=64,0.613380156050788,0.7821090679808662,0.7168643020788829,0.7510242315052734
4,999,LR=1e-03_BS=64,0.47428643679089016,0.831130905627574,0.7062179787132475,0.7655236594531194
5,999,LR=1e-03_BS=64,0.34691500633027816,0.8770957872347893,0.7814669177929561,0.7522259268531893
6,999,LR=1e-03_BS=64,0.24854252702395122,0.9115114641393678,0.8282726396507687,0.762422341469936
7,999,LR=1e-03_BS=64,0.17953666245275074,0.9369667457247486,0.8755755065891477,0.7667345972490093
8,999,LR=1e-03_BS=64,0.13885982062617938,0.9508126380781192,1.0171023475718994,0.7596129666331052
9,999,LR=1e-03_BS=64,0.11395252315998078,0.9597633081283503,1.023940390325586,0.760298022377701
10,999,LR=1e-03_BS=64,0.09439729485313098,0.9666768670653145,1.1079674563248951,0.761959482720573
11,999,LR=1e-03_BS=64,0.0889306726127863,0.9690990161912492,1.1223942314883073,0.7595999812197709
12,999,LR=1e-03_BS=64,0.08295155613140927,0.9706866938153844,1.129001095881727,0.7613483058190904
13,999,LR=1e-03_BS=64,0.07211686878055334,0.9756783221732321,1.162196018027597,0.7592445490945154
14,999,LR=1e-03_BS=64,0.06868290920903285,0.975910939287752,1.161908391786284,0.7615006632338753
15,999,LR=1e-03_BS=64,0.060261551665100783,0.9791339914115766,1.2250965907348528,0.7549917294162622
16,999,LR=1e-03_BS=64,0.05779585461496479,0.9802548028311218,1.2263028942022058,0.7578418990601482
17,999,LR=1e-03_BS=64,0.054971589935819305,0.9812563558319974,1.231051319346163,0.7587910363602842
18,999,LR=1e-03_BS=64,0.050074469551444054,0.9827328318623895,1.2102887783620093,0.7630640203783561
19,999,LR=1e-03_BS=64,0.04988871022603578,0.982454690847357,1.284441657298141,0.7617356921134933
20,999,LR=1e-03_BS=64,0.04428354450387673,0.9845782095119304,1.307735912115375,0.7591611933540099
21,999,LR=1e-03_BS=64,0.04614784013339215,0.984133708155926,1.2424188107066685,0.7593810461141234
22,999,LR=1e-03_BS=64,0.04052322111729947,0.9864557707215444,1.2903130734976795,0.7640930087997052
23,999,LR=1e-03_BS=64,0.04036273096619795,0.9862442960889084,1.332930137822363,0.7629478910003099
24,999,LR=1e-03_BS=64,0.037924933758978215,0.9872667325715747,1.2648728518653247,0.764926862253998
25,999,LR=1e-03_BS=64,0.03655810429888467,0.9875107164974983,1.3334011667857568,0.7636253387656751
1,42,LR=1e-04_BS=64,0.969731324089898,0.6526273713902028,0.7062127530150943,0.7442601055358422
2,42,LR=1e-04_BS=64,0.5815339573542277,0.7928628463367959,0.6495258933782577,0.7680965622281078
3,42,LR=1e-04_BS=64,0.3655536864598592,0.8690400199133539,0.6682578271826108,0.7769201350601551
4,42,LR=1e-04_BS=64,0.20482413902547625,0.9287158768577735,0.7545084460404184,0.7794884773212342
5,42,LR=1e-04_BS=64,0.12522737048467,0.956806913006044,0.8522819846868515,0.7771338045709213
6,42,LR=1e-04_BS=64,0.09472222156259749,0.966549037643641,0.9593260057547026,0.7707282480928092
7,42,LR=1e-04_BS=64,0.07797318528526359,0.9728877173069206,0.9876982295138969,0.7799067442261809
8,42,LR=1e-04_BS=64,0.0689506965448459,0.9759774371780617,0.9999625587840875,0.7783968742683904
9,42,LR=1e-04_BS=64,0.06495024966945251,0.9774219962102171,1.0347996557662884,0.7785711491301296
10,42,LR=1e-04_BS=64,0.059899569609264534,0.978900133329712,1.0493072370357812,0.7791116069522014
11,42,LR=1e-04_BS=64,0.05262201880150371,0.9819886968369891,1.041546457446946,0.7817713668358747
12,42,LR=1e-04_BS=64,0.05092579888568984,0.9822001086063201,1.042199676335189,0.7826945882614267
13,42,LR=1e-04_BS=64,0.04366929360214207,0.9852781333233305,1.1352717952078415,0.7792967115980306
14,42,LR=1e-04_BS=64,0.04526105907170309,0.984578494132305,1.1297511900968022,0.7827133853845756
15,42,LR=1e-04_BS=64,0.038740258046653535,0.9867232097893195,1.1527202095680766,0.7794234525062116
16,42,LR=1e-04_BS=64,0.040579516602059204,0.9861886494531621,1.1364801605138515,0.7847147091826858
17,42,LR=1e-04_BS=64,0.03764637946900394,0.9865996006680409,1.1353157726711698,0.7810573236082161
18,42,LR=1e-04_BS=64,0.03402132913548913,0.9878114278025605,1.2176347515344619,0.7792588755661808
19,42,LR=1e-04_BS=64,0.035760641959992547,0.9875994831520536,1.1407552114556647,0.7843280881398165
20,42,LR=1e-04_BS=64,0.031435838172377814,0.9890216695591658,1.1755475180467694,0.7833049983775516
21,42,LR=1e-04_BS=64,0.03146367393612034,0.9889334452032867,1.1959016936868947,0.7827338756514627
22,42,LR=1e-04_BS=64,0.03225344060108894,0.988577791130392,1.1549789679754112,0.7864107500463271
23,42,LR=1e-04_BS=64,0.02596351414597076,0.99132189223238,1.2014568307562006,0.784476642404131
24,42,LR=1e-04_BS=64,0.03011276052678004,0.9896667790963752,1.2266530782242615,0.781292499079356
25,42,LR=1e-04_BS=64,0.028136648234952655,0.9898773271141627,1.2057290396367923,0.7853288880922413
1,123,LR=1e-04_BS=64,1.0004120109346177,0.6373387992214153,0.7422623635398017,0.7332759831980757
2,123,LR=1e-04_BS=64,0.5884609588834975,0.790986610462113,0.6190184085157182,0.7799268141027558
3,123,LR=1e-04_BS=64,0.3706170495033264,0.8690998769117746,0.6446642210801442,0.7846587108153946
4,123,LR=1e-04_BS=64,0.20987208250893488,0.9263366701271671,0.7562417277945412,0.7817447383600888
5,123,LR=1e-04_BS=64,0.1256560098859999,0.9563115208907161,0.8523233408855068,0.7762650182671073
6,123,LR=1e-04_BS=64,0.09275108579066065,0.9682575652811325,0.9524248912410603,0.776906324102157
7,123,LR=1e-04_BS=64,0.08337979120413462,0.9714769928724953,0.972333335990376,0.7784883571026155
8,123,LR=1e-04_BS=64,0.06788920309245586,0.9764559354407094,0.9885207771595982,0.7821174980949992
9,123,LR=1e-04_BS=64,0.06454358250300089,0.9776541614598055,1.0088496847801738,0.776617356004475
10,123,LR=1e-04_BS=64,0.05628087025839421,0.9807879220657579,1.0436017447259691,0.7790739100241202
11,123,LR=1e-04_BS=64,0.05435724234879017,0.9812621969099166,1.0618928512487147,0.7804803468017766
12,123,LR=1e-04_BS=64,0.04829855405166745,0.9834781132081835,1.0845456936571334,0.7812163534427687
13,123,LR=1e-04_BS=64,0.04694990261594455,0.9835438815480122,1.0506273863871893,0.7846476200815375
14,123,LR=1e-04_BS=64,0.042077948438665934,0.9856994579726992,1.0982467206227282,0.7816193725561246
15,123,LR=1e-04_BS=64,0.04093597290089561,0.9859109953423776,1.1378416067845292,0.7806805153413559
16,123,LR=1e-04_BS=64,0.039444434493945704,0.9863670191730716,1.1423792943909765,0.7839125735849696
17,123,LR=1e-04_BS=64,0.038050573924183845,0.9870105168391277,1.149640732143985,0.7801964872475048
18,123,LR=1e-04_BS=64,0.03468481332425856,0.9878113347082429,1.1411233680711852,0.7865997924706729
19,123,LR=1e-04_BS=64,0.034137730673452216,0.9884989082445431,1.1400568184329403,0.7849801479567942
20,123,LR=1e-04_BS=64,0.032054177810913985,0.9889107779809976,1.1957776699586047,0.780154671077449
21,123,LR=1e-04_BS=64,0.032180790652665825,0.9886885488527222,1.159564243363672,0.7841032275076042
22,123,LR=1e-04_BS=64,0.029191945975154846,0.989600007671816,1.1617284614218606,0.7846846327830125
23,123,LR=1e-04_BS=64,0.027998933887916307,0.9904442520839416,1.1880895895507602,0.7855666799933612
24,123,LR=1e-04_BS=64,0.029480363341648545,0.9900446227417709,1.1486809925847583,0.7890927737816573
25,123,LR=1e-04_BS=64,0.02852051615479092,0.9901666548447128,1.1612804431915282,0.7885276886042069
1,2024,LR=1e-04_BS=64,0.9534976471583049,0.6563573048571485,0.7031687321768867,0.7456339097062232
2,2024,LR=1e-04_BS=64,0.5617278171857198,0.8009052518613492,0.6213586695724064,0.7817680071953219
3,2024,LR=1e-04_BS=64,0.3457732754283481,0.8763507945681503,0.6407361423439449,0.7846728312875633
4,2024,LR=1e-04_BS=64,0.19689404448138342,0.931183856106748,0.7478063063568539,0.7800032108646302
5,2024,LR=1e-04_BS=64,0.11803986037307315,0.9585216598532931,0.8571192455357975,0.7748110282785399
6,2024,LR=1e-04_BS=64,0.09299734329349466,0.9672661612472899,0.9429522053347693,0.7719327835689231
7,2024,LR=1e-04_BS=64,0.08107987791366048,0.9721763219012063,0.9640493027945359,0.773858194561069
8,2024,LR=1e-04_BS=64,0.06715887947844135,0.9767315873814159,0.963769737810269,0.7835674740914582
9,2024,LR=1e-04_BS=64,0.06478102842619021,0.9776339014284414,1.0058205020474063,0.7819279340528207
10,2024,LR=1e-04_BS=64,0.05686352634727955,0.9802096186459904,0.9969628899017969,0.7783600347591364
11,2024,LR=1e-04_BS=64,0.05304663416925404,0.9817769061988695,1.0504772353463703,0.7824855648445745
12,2024,LR=1e-04_BS=64,0.046956647116856445,0.9839103758664336,1.115524691061179,0.7778513330513696
13,2024,LR=1e-04_BS=64,0.04876550755020645,0.982965929520984,1.0602769073711502,0.7861166842447264
14,2024,LR=1e-04_BS=64,0.042866356891062524,0.9852668499937124,1.069524008111159,0.7865497360675141
15,2024,LR=1e-04_BS=64,0.03932480090318455,0.986166128220639,1.152905514632,0.781180207619263
16,2024,LR=1e-04_BS=64,0.037518326343513195,0.9869109709234543,1.112431433422698,0.7863991935053363
17,2024,LR=1e-04_BS=64,0.03781857772703386,0.9865096667851392,1.1319491575502687,0.7848919040329442
18,2024,LR=1e-04_BS=64,0.035721177652850745,0.9881555723613751,1.123240442161138,0.7832147728694915
19,2024,LR=1e-04_BS=64,0.03170515003328522,0.988844774740629,1.1349188381100952,0.7851049001309552
20,2024,LR=1e-04_BS=64,0.03307358800354931,0.988643711289965,1.1073974543851903,0.7856092838580498
21,2024,LR=1e-04_BS=64,0.029464458143048815,0.9895884759252593,1.1563973564340009,0.7872280990727865
22,2024,LR=1e-04_BS=64,0.03130715546096779,0.9891100495471867,1.1518658255676428,0.7894227072742691
23,2024,LR=1e-04_BS=64,0.03021132413470704,0.9896218698988021,1.178010133015116,0.7866938935289244
24,2024,LR=1e-04_BS=64,0.024330841075194377,0.9916888556626446,1.2036588817104696,0.7876248837069865
25,2024,LR=1e-04_BS=64,0.02782232676545779,0.990299836963165,1.1883396570989655,0.7878329805033931
1,7,LR=1e-04_BS=64,0.9411758563147651,0.6615285339268161,0.6783833537154728,0.7558726180032532
2,7,LR=1e-04_BS=64,0.5463107439253065,0.8055749699234379,0.6001998337745666,0.787072550313679
3,7,LR=1e-04_BS=64,0.3361599070469538,0.881636784507019,0.669895000636412,0.7809573207971211
4,7,LR=1e-04_BS=64,0.18646204549603992,0.9346261640969631,0.7216916114283932,0.7847070967469723
5,7,LR=1e-04_BS=64,0.11653885879119237,0.959794453271223,0.8465605103568898,0.7836730240822746
6,7,LR=1e-04_BS=64,0.09133840003576543,0.9681730156070465,0.8579926249596808,0.7853793126847554
7,7,LR=1e-04_BS=64,0.07938850227263239,0.9723737918237262,0.910038585587177,0.7880539271574096
8,7,LR=1e-04_BS=64,0.06693006785942449,0.9764094479373139,0.9300249134464397,0.7900335338864227
9,7,LR=1e-04_BS=64,0.059272832781904275,0.9795530147813901,0.983727655005455,0.7894236613786374
10,7,LR=1e-04_BS=64,0.05526988517997993,0.9806998406680119,0.9985117674218283,0.7882045301573515
11,7,LR=1e-04_BS=64,0.0559388638674385,0.9806439859737888,0.9947436995671441,0.7863327299956937
12,7,LR=1e-04_BS=64,0.04382128358806173,0.985198989606514,1.035281374744326,0.7901136793882024
13,7,LR=1e-04_BS=64,0.04673230089743932,0.9836437975996807,1.0376843451667164,0.7905636596285412
14,7,LR=1e-04_BS=64,0.042946238122094006,0.9852215363848797,1.0298068832728184,0.7923595774419404
15,7,LR=1e-04_BS=64,0.038910671949883305,0.9865330396546487,1.0655896197716395,0.790229852476398
16,7,LR=1e-04_BS=64,0.03671405291540755,0.9870435179587135,1.0615912252402968,0.7932788925217278
17,7,LR=1e-04_BS=64,0.03753019182400571,0.9869662816880954,1.1069358843670951,0.7894748291075425
18,7,LR=1e-04_BS=64,0.03631209343398611,0.9873098666858885,1.088339883634448,0.7925677693738999
19,7,LR=1e-04_BS=64,0.03259755219746795,0.9885223948811823,1.0910362093627453,0.7881979587013668
20,7,LR=1e-04_BS=64,0.02964428161976652,0.9897112474180576,1.1078763612978988,0.7930181984719759
21,7,LR=1e-04_BS=64,0.033427836458302204,0.9883551166337312,1.0951943582253323,0.7960980037529869
22,7,LR=1e-04_BS=64,0.024863106001975634,0.9914438811998775,1.1449711953555544,0.7905691299447326
23,7,LR=1e-04_BS=64,0.029735058177904124,0.9892879131832315,1.128193768025438,0.7911812045613394
24,7,LR=1e-04_BS=64,0.0271359601955033,0.9905886452783808,1.1750091336435742,0.7911483619121411
25,7,LR=1e-04_BS=64,0.026000557220292587,0.9906219541040775,1.152137435170346,0.7918578392032668
1,999,LR=1e-04_BS=64,0.9828189578586155,0.6452217567224576,0.7298001028643714,0.7380525633862529
2,999,LR=1e-04_BS=64,0.5830197969224717,0.7923980815424868,0.6618399128701952,0.7685366113153043
3,999,LR=1e-04_BS=64,0.36450377413431806,0.870202734456039,0.6694238016896777,0.7772164363821613
4,999,LR=1e-04_BS=64,0.20064821021291945,0.9307534906553323,0.7655194525400798,0.7751319784244608
5,999,LR=1e-04_BS=64,0.12220926156110233,0.9573675288529356,0.8773610061221653,0.7730079312052693
6,999,LR=1e-04_BS=64,0.09549801216357284,0.9667263403903747,0.9251531200778154,0.7769718933287157
7,999,LR=1e-04_BS=64,0.0807998315943612,0.9719586294189269,0.9500227008137438,0.7778726063668964
8,999,LR=1e-04_BS=64,0.06943547222879198,0.975822074283957,0.9842486910442512,0.7803280816373254
9,999,LR=1e-04_BS=64,0.06310856012437079,0.977853521972647,1.0308574486636453,0.7742569739890828
10,999,LR=1e-04_BS=64,0.057333477941321,0.9802335153797376,1.05416110482249,0.7771061834458394
11,999,LR=1e-04_BS=64,0.05518992924301161,0.9810452742371181,1.0485406622959508,0.7793277783324631
12,999,LR=1e-04_BS=64,0.04982309228893783,0.9829327307176102,1.0577627443100015,0.7824063926842538
13,999,LR=1e-04_BS=64,0.04326584897529748,0.9845207841474766,1.0721734436723922,0.7853849669793667
14,999,LR=1e-04_BS=64,0.04810225052804583,0.9836333684986153,1.0976489478672544,0.7800874226711627
15,999,LR=1e-04_BS=64,0.039708137952950265,0.9863441124587983,1.1209760651240745,0.7760800713334033
16,999,LR=1e-04_BS=64,0.038865475827289955,0.9865102981136216,1.1265720972948605,0.7823728265611167
17,999,LR=1e-04_BS=64,0.03960265502317084,0.9861442998431841,1.169087285331885,0.7782383505749817
18,999,LR=1e-04_BS=64,0.035409063752616446,0.9873997818720721,1.142986437959638,0.7797225615602233
19,999,LR=1e-04_BS=64,0.032933117427035336,0.9891887414044955,1.157005454228156,0.7788048780475307
20,999,LR=1e-04_BS=64,0.031174193266261783,0.9892560243904802,1.1841456626507971,0.7795321284610224
21,999,LR=1e-04_BS=64,0.031007926076485053,0.9895892752871717,1.1491382773154313,0.7847632225890177
22,999,LR=1e-04_BS=64,0.029795458959084416,0.9896210557033353,1.166617017015318,0.7881699377660649
23,999,LR=1e-04_BS=64,0.030052424576381843,0.9895439554078129,1.2101248004337153,0.7768956024475793
24,999,LR=1e-04_BS=64,0.028836633626930414,0.990355780894671,1.1776950211670663,0.7852596567116572
25,999,LR=1e-04_BS=64,0.024879491961747408,0.9909889117563931,1.239158096089628,0.7797121581884887
