epoch,train_loss,val_loss,train_f1_macro,val_f1_macro,lr,batch_size,arch,weight_decay,dropout,seed,batch_size_from_dir,lr_from_dir,run_name,run_dir
0,1.865351937950982,1.7012461582183838,0.3157480318553338,0.3110537631938722,0.01,128,mbv2,0.0001,0.2,123,128,0.01,mbv2_bs128_lr1e-2_wd_1e-4_dp_2e-1_seed_123,/content/drive/MyDrive/weight_decay_experiments/mbv2_bs128_lr1e-2_wd_1e-4_dp_2e-1_seed_123
1,1.499759747950236,1.5115458479563395,0.4408531685572791,0.4316899976421675,0.01,128,mbv2,0.0001,0.2,123,128,0.01,mbv2_bs128_lr1e-2_wd_1e-4_dp_2e-1_seed_123,/content/drive/MyDrive/weight_decay_experiments/mbv2_bs128_lr1e-2_wd_1e-4_dp_2e-1_seed_123
2,1.3569295912212795,1.435804311434428,0.4765266604629005,0.4726536708179367,0.01,128,mbv2,0.0001,0.2,123,128,0.01,mbv2_bs128_lr1e-2_wd_1e-4_dp_2e-1_seed_123,/content/drive/MyDrive/weight_decay_experiments/mbv2_bs128_lr1e-2_wd_1e-4_dp_2e-1_seed_123
3,1.283860112253825,1.2597152429156833,0.5303600859633929,0.5242644881771226,0.01,128,mbv2,0.0001,0.2,123,128,0.01,mbv2_bs128_lr1e-2_wd_1e-4_dp_2e-1_seed_123,/content/drive/MyDrive/weight_decay_experiments/mbv2_bs128_lr1e-2_wd_1e-4_dp_2e-1_seed_123
4,1.2180941183725993,1.2032350131670635,0.5600632031463328,0.5486629904738732,0.01,128,mbv2,0.0001,0.2,123,128,0.01,mbv2_bs128_lr1e-2_wd_1e-4_dp_2e-1_seed_123,/content/drive/MyDrive/weight_decay_experiments/mbv2_bs128_lr1e-2_wd_1e-4_dp_2e-1_seed_123
5,1.1823282134162054,1.258775872209337,0.5507274425591746,0.5411582320082513,0.01,128,mbv2,0.0001,0.2,123,128,0.01,mbv2_bs128_lr1e-2_wd_1e-4_dp_2e-1_seed_123,/content/drive/MyDrive/weight_decay_experiments/mbv2_bs128_lr1e-2_wd_1e-4_dp_2e-1_seed_123
6,1.1465083916664125,1.2796133725060357,0.5344198725607026,0.5237758032559959,0.01,128,mbv2,0.0001,0.2,123,128,0.01,mbv2_bs128_lr1e-2_wd_1e-4_dp_2e-1_seed_123,/content/drive/MyDrive/weight_decay_experiments/mbv2_bs128_lr1e-2_wd_1e-4_dp_2e-1_seed_123
7,1.12075162908766,1.3319219910091824,0.5296820551451003,0.5222856971362407,0.01,128,mbv2,0.0001,0.2,123,128,0.01,mbv2_bs128_lr1e-2_wd_1e-4_dp_2e-1_seed_123,/content/drive/MyDrive/weight_decay_experiments/mbv2_bs128_lr1e-2_wd_1e-4_dp_2e-1_seed_123
8,1.0962805543051826,1.151588953230116,0.587496504699099,0.5756712693797388,0.01,128,mbv2,0.0001,0.2,123,128,0.01,mbv2_bs128_lr1e-2_wd_1e-4_dp_2e-1_seed_123,/content/drive/MyDrive/weight_decay_experiments/mbv2_bs128_lr1e-2_wd_1e-4_dp_2e-1_seed_123
9,1.0743873664220174,1.177666664950053,0.5967108129357206,0.5856819155801323,0.01,128,mbv2,0.0001,0.2,123,128,0.01,mbv2_bs128_lr1e-2_wd_1e-4_dp_2e-1_seed_123,/content/drive/MyDrive/weight_decay_experiments/mbv2_bs128_lr1e-2_wd_1e-4_dp_2e-1_seed_123
10,1.061731548754374,1.15272075053321,0.5809280273745842,0.5706996093878024,0.01,128,mbv2,0.0001,0.2,123,128,0.01,mbv2_bs128_lr1e-2_wd_1e-4_dp_2e-1_seed_123,/content/drive/MyDrive/weight_decay_experiments/mbv2_bs128_lr1e-2_wd_1e-4_dp_2e-1_seed_123
11,1.045196600034502,1.0749375962787204,0.6224123131993797,0.6069651771502276,0.01,128,mbv2,0.0001,0.2,123,128,0.01,mbv2_bs128_lr1e-2_wd_1e-4_dp_2e-1_seed_123,/content/drive/MyDrive/weight_decay_experiments/mbv2_bs128_lr1e-2_wd_1e-4_dp_2e-1_seed_123
12,1.0357385354359945,1.126447158463796,0.6068005743667719,0.5950427788892266,0.01,128,mbv2,0.0001,0.2,123,128,0.01,mbv2_bs128_lr1e-2_wd_1e-4_dp_2e-1_seed_123,/content/drive/MyDrive/weight_decay_experiments/mbv2_bs128_lr1e-2_wd_1e-4_dp_2e-1_seed_123
13,1.0268312768512302,1.06757786371443,0.6289302246393431,0.614807628332108,0.01,128,mbv2,0.0001,0.2,123,128,0.01,mbv2_bs128_lr1e-2_wd_1e-4_dp_2e-1_seed_123,/content/drive/MyDrive/weight_decay_experiments/mbv2_bs128_lr1e-2_wd_1e-4_dp_2e-1_seed_123
14,1.0164279324001737,1.0938192464616563,0.6221847414406421,0.6094072810438564,0.01,128,mbv2,0.0001,0.2,123,128,0.01,mbv2_bs128_lr1e-2_wd_1e-4_dp_2e-1_seed_123,/content/drive/MyDrive/weight_decay_experiments/mbv2_bs128_lr1e-2_wd_1e-4_dp_2e-1_seed_123
15,1.0126740950478448,1.1413036491711934,0.5918879431767047,0.577072734303475,0.01,128,mbv2,0.0001,0.2,123,128,0.01,mbv2_bs128_lr1e-2_wd_1e-4_dp_2e-1_seed_123,/content/drive/MyDrive/weight_decay_experiments/mbv2_bs128_lr1e-2_wd_1e-4_dp_2e-1_seed_123
16,1.001728929625617,1.0750162688149347,0.6214716329903027,0.6063197019525725,0.01,128,mbv2,0.0001,0.2,123,128,0.01,mbv2_bs128_lr1e-2_wd_1e-4_dp_2e-1_seed_123,/content/drive/MyDrive/weight_decay_experiments/mbv2_bs128_lr1e-2_wd_1e-4_dp_2e-1_seed_123
17,0.9917409435060288,1.1280246920161776,0.6220070766771576,0.6053476937642263,0.01,128,mbv2,0.0001,0.2,123,128,0.01,mbv2_bs128_lr1e-2_wd_1e-4_dp_2e-1_seed_123,/content/drive/MyDrive/weight_decay_experiments/mbv2_bs128_lr1e-2_wd_1e-4_dp_2e-1_seed_123
18,0.9864421375910442,1.188000291495853,0.6058860572254671,0.5916944139637137,0.01,128,mbv2,0.0001,0.2,123,128,0.01,mbv2_bs128_lr1e-2_wd_1e-4_dp_2e-1_seed_123,/content/drive/MyDrive/weight_decay_experiments/mbv2_bs128_lr1e-2_wd_1e-4_dp_2e-1_seed_123
19,0.975457730017768,1.139406633483039,0.6136946235359398,0.5985764358624575,0.01,128,mbv2,0.0001,0.2,123,128,0.01,mbv2_bs128_lr1e-2_wd_1e-4_dp_2e-1_seed_123,/content/drive/MyDrive/weight_decay_experiments/mbv2_bs128_lr1e-2_wd_1e-4_dp_2e-1_seed_123
20,0.9700655925326878,1.019186584069994,0.656326260306477,0.6381490826699996,0.01,128,mbv2,0.0001,0.2,123,128,0.01,mbv2_bs128_lr1e-2_wd_1e-4_dp_2e-1_seed_123,/content/drive/MyDrive/weight_decay_experiments/mbv2_bs128_lr1e-2_wd_1e-4_dp_2e-1_seed_123
21,0.966626643371582,1.2144340643670823,0.5926864388317815,0.5789139502038148,0.01,128,mbv2,0.0001,0.2,123,128,0.01,mbv2_bs128_lr1e-2_wd_1e-4_dp_2e-1_seed_123,/content/drive/MyDrive/weight_decay_experiments/mbv2_bs128_lr1e-2_wd_1e-4_dp_2e-1_seed_123
22,0.965776837793986,1.0529312809520297,0.6285715189228042,0.6147047001275693,0.01,128,mbv2,0.0001,0.2,123,128,0.01,mbv2_bs128_lr1e-2_wd_1e-4_dp_2e-1_seed_123,/content/drive/MyDrive/weight_decay_experiments/mbv2_bs128_lr1e-2_wd_1e-4_dp_2e-1_seed_123
23,0.9627641892962986,1.2731239147398208,0.5705385329772691,0.5587054828199637,0.01,128,mbv2,0.0001,0.2,123,128,0.01,mbv2_bs128_lr1e-2_wd_1e-4_dp_2e-1_seed_123,/content/drive/MyDrive/weight_decay_experiments/mbv2_bs128_lr1e-2_wd_1e-4_dp_2e-1_seed_123
24,0.9574531423250834,1.0567014275868734,0.6446569470171812,0.6282501519670318,0.01,128,mbv2,0.0001,0.2,123,128,0.01,mbv2_bs128_lr1e-2_wd_1e-4_dp_2e-1_seed_123,/content/drive/MyDrive/weight_decay_experiments/mbv2_bs128_lr1e-2_wd_1e-4_dp_2e-1_seed_123
25,0.9547065552605524,0.9826411259333292,0.6635633958133452,0.647452412993725,0.01,128,mbv2,0.0001,0.2,123,128,0.01,mbv2_bs128_lr1e-2_wd_1e-4_dp_2e-1_seed_123,/content/drive/MyDrive/weight_decay_experiments/mbv2_bs128_lr1e-2_wd_1e-4_dp_2e-1_seed_123
0,1.8753368557824028,1.694537738672892,0.3483538937717076,0.3460493114956862,0.01,128,mbv2,0.0001,0.2,2024,128,0.01,mbv2_bs128_lr1e-2_wd_1e-4_dp_2e-1_seed_2024,/content/drive/MyDrive/weight_decay_experiments/mbv2_bs128_lr1e-2_wd_1e-4_dp_2e-1_seed_2024
1,1.4850178178363376,1.4806193488650852,0.4332705475776097,0.4262304579235666,0.01,128,mbv2,0.0001,0.2,2024,128,0.01,mbv2_bs128_lr1e-2_wd_1e-4_dp_2e-1_seed_2024,/content/drive/MyDrive/weight_decay_experiments/mbv2_bs128_lr1e-2_wd_1e-4_dp_2e-1_seed_2024
2,1.300773269144694,1.4928591002782186,0.4674338550896301,0.4625776442702142,0.01,128,mbv2,0.0001,0.2,2024,128,0.01,mbv2_bs128_lr1e-2_wd_1e-4_dp_2e-1_seed_2024,/content/drive/MyDrive/weight_decay_experiments/mbv2_bs128_lr1e-2_wd_1e-4_dp_2e-1_seed_2024
3,1.2255070459153916,1.2522775598949856,0.5443463193767417,0.5335800296255007,0.01,128,mbv2,0.0001,0.2,2024,128,0.01,mbv2_bs128_lr1e-2_wd_1e-4_dp_2e-1_seed_2024,/content/drive/MyDrive/weight_decay_experiments/mbv2_bs128_lr1e-2_wd_1e-4_dp_2e-1_seed_2024
4,1.182299715423584,1.3739530339135064,0.5181577456252717,0.5088408698570813,0.01,128,mbv2,0.0001,0.2,2024,128,0.01,mbv2_bs128_lr1e-2_wd_1e-4_dp_2e-1_seed_2024,/content/drive/MyDrive/weight_decay_experiments/mbv2_bs128_lr1e-2_wd_1e-4_dp_2e-1_seed_2024
5,1.1457541492356194,1.2643781205389235,0.5571062817725059,0.5438698248609365,0.01,128,mbv2,0.0001,0.2,2024,128,0.01,mbv2_bs128_lr1e-2_wd_1e-4_dp_2e-1_seed_2024,/content/drive/MyDrive/weight_decay_experiments/mbv2_bs128_lr1e-2_wd_1e-4_dp_2e-1_seed_2024
6,1.114747730339898,1.1563287784788343,0.5891903359324768,0.5800977193195885,0.01,128,mbv2,0.0001,0.2,2024,128,0.01,mbv2_bs128_lr1e-2_wd_1e-4_dp_2e-1_seed_2024,/content/drive/MyDrive/weight_decay_experiments/mbv2_bs128_lr1e-2_wd_1e-4_dp_2e-1_seed_2024
7,1.0889527104271783,1.2909809160338508,0.5286841694504967,0.5202799541482179,0.01,128,mbv2,0.0001,0.2,2024,128,0.01,mbv2_bs128_lr1e-2_wd_1e-4_dp_2e-1_seed_2024,/content/drive/MyDrive/weight_decay_experiments/mbv2_bs128_lr1e-2_wd_1e-4_dp_2e-1_seed_2024
8,1.069264457850986,1.1619816000620524,0.5828999444831323,0.5683437343256694,0.01,128,mbv2,0.0001,0.2,2024,128,0.01,mbv2_bs128_lr1e-2_wd_1e-4_dp_2e-1_seed_2024,/content/drive/MyDrive/weight_decay_experiments/mbv2_bs128_lr1e-2_wd_1e-4_dp_2e-1_seed_2024
9,1.052206845559014,1.1402399703449673,0.5997737935550694,0.5847659047175908,0.01,128,mbv2,0.0001,0.2,2024,128,0.01,mbv2_bs128_lr1e-2_wd_1e-4_dp_2e-1_seed_2024,/content/drive/MyDrive/weight_decay_experiments/mbv2_bs128_lr1e-2_wd_1e-4_dp_2e-1_seed_2024
10,1.0408773710038928,1.0865024241659376,0.6081418015426148,0.5971041197973739,0.01,128,mbv2,0.0001,0.2,2024,128,0.01,mbv2_bs128_lr1e-2_wd_1e-4_dp_2e-1_seed_2024,/content/drive/MyDrive/weight_decay_experiments/mbv2_bs128_lr1e-2_wd_1e-4_dp_2e-1_seed_2024
11,1.029616553730435,1.1578157400767009,0.5783606287458112,0.5667546989888704,0.01,128,mbv2,0.0001,0.2,2024,128,0.01,mbv2_bs128_lr1e-2_wd_1e-4_dp_2e-1_seed_2024,/content/drive/MyDrive/weight_decay_experiments/mbv2_bs128_lr1e-2_wd_1e-4_dp_2e-1_seed_2024
12,1.0241730317857531,1.046299029689365,0.6314414255146812,0.6186145782209584,0.01,128,mbv2,0.0001,0.2,2024,128,0.01,mbv2_bs128_lr1e-2_wd_1e-4_dp_2e-1_seed_2024,/content/drive/MyDrive/weight_decay_experiments/mbv2_bs128_lr1e-2_wd_1e-4_dp_2e-1_seed_2024
13,1.0062662737528485,1.0830817171732583,0.6313346539820135,0.6187349971462837,0.01,128,mbv2,0.0001,0.2,2024,128,0.01,mbv2_bs128_lr1e-2_wd_1e-4_dp_2e-1_seed_2024,/content/drive/MyDrive/weight_decay_experiments/mbv2_bs128_lr1e-2_wd_1e-4_dp_2e-1_seed_2024
14,0.998850048192342,1.2354799281862048,0.557124534054094,0.5455513973039914,0.01,128,mbv2,0.0001,0.2,2024,128,0.01,mbv2_bs128_lr1e-2_wd_1e-4_dp_2e-1_seed_2024,/content/drive/MyDrive/weight_decay_experiments/mbv2_bs128_lr1e-2_wd_1e-4_dp_2e-1_seed_2024
15,0.9882963383568658,1.0570031055344475,0.6332611539336566,0.618601785042417,0.01,128,mbv2,0.0001,0.2,2024,128,0.01,mbv2_bs128_lr1e-2_wd_1e-4_dp_2e-1_seed_2024,/content/drive/MyDrive/weight_decay_experiments/mbv2_bs128_lr1e-2_wd_1e-4_dp_2e-1_seed_2024
16,0.9844692477120294,1.0008595962524414,0.6557452020366619,0.6393529527790097,0.01,128,mbv2,0.0001,0.2,2024,128,0.01,mbv2_bs128_lr1e-2_wd_1e-4_dp_2e-1_seed_2024,/content/drive/MyDrive/weight_decay_experiments/mbv2_bs128_lr1e-2_wd_1e-4_dp_2e-1_seed_2024
17,0.9835107464048598,1.0470829228931002,0.6412458279424309,0.6241863314759886,0.01,128,mbv2,0.0001,0.2,2024,128,0.01,mbv2_bs128_lr1e-2_wd_1e-4_dp_2e-1_seed_2024,/content/drive/MyDrive/weight_decay_experiments/mbv2_bs128_lr1e-2_wd_1e-4_dp_2e-1_seed_2024
18,0.9719665646870932,1.0402608033710057,0.6405515255393863,0.6272694113658634,0.01,128,mbv2,0.0001,0.2,2024,128,0.01,mbv2_bs128_lr1e-2_wd_1e-4_dp_2e-1_seed_2024,/content/drive/MyDrive/weight_decay_experiments/mbv2_bs128_lr1e-2_wd_1e-4_dp_2e-1_seed_2024
19,0.9645353400124445,1.128583176030053,0.6049801550835928,0.5890621984565059,0.01,128,mbv2,0.0001,0.2,2024,128,0.01,mbv2_bs128_lr1e-2_wd_1e-4_dp_2e-1_seed_2024,/content/drive/MyDrive/weight_decay_experiments/mbv2_bs128_lr1e-2_wd_1e-4_dp_2e-1_seed_2024
20,0.9664709877438016,0.9880423917134604,0.6637035664502282,0.6466556089807998,0.01,128,mbv2,0.0001,0.2,2024,128,0.01,mbv2_bs128_lr1e-2_wd_1e-4_dp_2e-1_seed_2024,/content/drive/MyDrive/weight_decay_experiments/mbv2_bs128_lr1e-2_wd_1e-4_dp_2e-1_seed_2024
21,0.9626075915442572,1.036556765429179,0.6533313646362781,0.6334841765260835,0.01,128,mbv2,0.0001,0.2,2024,128,0.01,mbv2_bs128_lr1e-2_wd_1e-4_dp_2e-1_seed_2024,/content/drive/MyDrive/weight_decay_experiments/mbv2_bs128_lr1e-2_wd_1e-4_dp_2e-1_seed_2024
22,0.9614491642634074,1.0254005739635892,0.6553734338332372,0.6366188033174234,0.01,128,mbv2,0.0001,0.2,2024,128,0.01,mbv2_bs128_lr1e-2_wd_1e-4_dp_2e-1_seed_2024,/content/drive/MyDrive/weight_decay_experiments/mbv2_bs128_lr1e-2_wd_1e-4_dp_2e-1_seed_2024
23,0.956911524878608,1.1073865147908528,0.6224981614279608,0.6049435259129371,0.01,128,mbv2,0.0001,0.2,2024,128,0.01,mbv2_bs128_lr1e-2_wd_1e-4_dp_2e-1_seed_2024,/content/drive/MyDrive/weight_decay_experiments/mbv2_bs128_lr1e-2_wd_1e-4_dp_2e-1_seed_2024
24,0.952480382654402,1.0326429782973396,0.6459962673040308,0.631339717637476,0.01,128,mbv2,0.0001,0.2,2024,128,0.01,mbv2_bs128_lr1e-2_wd_1e-4_dp_2e-1_seed_2024,/content/drive/MyDrive/weight_decay_experiments/mbv2_bs128_lr1e-2_wd_1e-4_dp_2e-1_seed_2024
25,0.9544282705201044,0.9859101055145264,0.6600497562174978,0.6429185585092257,0.01,128,mbv2,0.0001,0.2,2024,128,0.01,mbv2_bs128_lr1e-2_wd_1e-4_dp_2e-1_seed_2024,/content/drive/MyDrive/weight_decay_experiments/mbv2_bs128_lr1e-2_wd_1e-4_dp_2e-1_seed_2024
0,1.83078354994456,1.593755163722568,0.3499836843291459,0.3500741581682944,0.01,128,mbv2,0.0001,0.2,42,128,0.01,mbv2_bs128_lr1e-2_wd_1e-4_dp_2e-1_seed_42,/content/drive/MyDrive/weight_decay_experiments/mbv2_bs128_lr1e-2_wd_1e-4_dp_2e-1_seed_42
1,1.440429373020596,1.4390794884787663,0.4515975530357546,0.4484860503462172,0.01,128,mbv2,0.0001,0.2,42,128,0.01,mbv2_bs128_lr1e-2_wd_1e-4_dp_2e-1_seed_42,/content/drive/MyDrive/weight_decay_experiments/mbv2_bs128_lr1e-2_wd_1e-4_dp_2e-1_seed_42
2,1.301912869856093,1.6502938938352796,0.4325041354308444,0.4245634560580263,0.01,128,mbv2,0.0001,0.2,42,128,0.01,mbv2_bs128_lr1e-2_wd_1e-4_dp_2e-1_seed_42,/content/drive/MyDrive/weight_decay_experiments/mbv2_bs128_lr1e-2_wd_1e-4_dp_2e-1_seed_42
3,1.2323982307010226,1.420656861835056,0.4995570066205966,0.4901694175491338,0.01,128,mbv2,0.0001,0.2,42,128,0.01,mbv2_bs128_lr1e-2_wd_1e-4_dp_2e-1_seed_42,/content/drive/MyDrive/weight_decay_experiments/mbv2_bs128_lr1e-2_wd_1e-4_dp_2e-1_seed_42
4,1.1858833199924892,1.301707839902242,0.5368225438808971,0.5266453144473084,0.01,128,mbv2,0.0001,0.2,42,128,0.01,mbv2_bs128_lr1e-2_wd_1e-4_dp_2e-1_seed_42,/content/drive/MyDrive/weight_decay_experiments/mbv2_bs128_lr1e-2_wd_1e-4_dp_2e-1_seed_42
5,1.1437116860283745,1.1852076819525823,0.5863842789839082,0.5753890811007605,0.01,128,mbv2,0.0001,0.2,42,128,0.01,mbv2_bs128_lr1e-2_wd_1e-4_dp_2e-1_seed_42,/content/drive/MyDrive/weight_decay_experiments/mbv2_bs128_lr1e-2_wd_1e-4_dp_2e-1_seed_42
6,1.1102693763309055,1.229455818939209,0.5751242779709903,0.5634567689347036,0.01,128,mbv2,0.0001,0.2,42,128,0.01,mbv2_bs128_lr1e-2_wd_1e-4_dp_2e-1_seed_42,/content/drive/MyDrive/weight_decay_experiments/mbv2_bs128_lr1e-2_wd_1e-4_dp_2e-1_seed_42
7,1.0868138842052883,1.2173368810123868,0.5735928238723724,0.5637127197409317,0.01,128,mbv2,0.0001,0.2,42,128,0.01,mbv2_bs128_lr1e-2_wd_1e-4_dp_2e-1_seed_42,/content/drive/MyDrive/weight_decay_experiments/mbv2_bs128_lr1e-2_wd_1e-4_dp_2e-1_seed_42
8,1.05939639822642,1.1893032055960762,0.5609850601587348,0.551096428127609,0.01,128,mbv2,0.0001,0.2,42,128,0.01,mbv2_bs128_lr1e-2_wd_1e-4_dp_2e-1_seed_42,/content/drive/MyDrive/weight_decay_experiments/mbv2_bs128_lr1e-2_wd_1e-4_dp_2e-1_seed_42
9,1.0403778570599027,1.177370181465149,0.6037609662144072,0.5910246284874321,0.01,128,mbv2,0.0001,0.2,42,128,0.01,mbv2_bs128_lr1e-2_wd_1e-4_dp_2e-1_seed_42,/content/drive/MyDrive/weight_decay_experiments/mbv2_bs128_lr1e-2_wd_1e-4_dp_2e-1_seed_42
10,1.0282233567979602,1.0706820908864338,0.6250090759222654,0.6135333645373249,0.01,128,mbv2,0.0001,0.2,42,128,0.01,mbv2_bs128_lr1e-2_wd_1e-4_dp_2e-1_seed_42,/content/drive/MyDrive/weight_decay_experiments/mbv2_bs128_lr1e-2_wd_1e-4_dp_2e-1_seed_42
11,1.0146641816880968,1.0403913267241585,0.6408143047169766,0.6254156278077383,0.01,128,mbv2,0.0001,0.2,42,128,0.01,mbv2_bs128_lr1e-2_wd_1e-4_dp_2e-1_seed_42,/content/drive/MyDrive/weight_decay_experiments/mbv2_bs128_lr1e-2_wd_1e-4_dp_2e-1_seed_42
12,0.9992806600782608,1.0621506066534254,0.6117812745893451,0.5996395273641159,0.01,128,mbv2,0.0001,0.2,42,128,0.01,mbv2_bs128_lr1e-2_wd_1e-4_dp_2e-1_seed_42,/content/drive/MyDrive/weight_decay_experiments/mbv2_bs128_lr1e-2_wd_1e-4_dp_2e-1_seed_42
13,0.9908570298936632,1.0419663243081834,0.6389837408459734,0.6221455307504146,0.01,128,mbv2,0.0001,0.2,42,128,0.01,mbv2_bs128_lr1e-2_wd_1e-4_dp_2e-1_seed_42,/content/drive/MyDrive/weight_decay_experiments/mbv2_bs128_lr1e-2_wd_1e-4_dp_2e-1_seed_42
14,0.984342479303148,1.2182276955286662,0.5823266916898046,0.5706036808258165,0.01,128,mbv2,0.0001,0.2,42,128,0.01,mbv2_bs128_lr1e-2_wd_1e-4_dp_2e-1_seed_42,/content/drive/MyDrive/weight_decay_experiments/mbv2_bs128_lr1e-2_wd_1e-4_dp_2e-1_seed_42
15,0.974480662896898,1.072397666560279,0.6267157025375288,0.612449345668346,0.01,128,mbv2,0.0001,0.2,42,128,0.01,mbv2_bs128_lr1e-2_wd_1e-4_dp_2e-1_seed_42,/content/drive/MyDrive/weight_decay_experiments/mbv2_bs128_lr1e-2_wd_1e-4_dp_2e-1_seed_42
16,0.9671174574957954,1.1178159869882796,0.6177855323503492,0.6039137269139943,0.01,128,mbv2,0.0001,0.2,42,128,0.01,mbv2_bs128_lr1e-2_wd_1e-4_dp_2e-1_seed_42,/content/drive/MyDrive/weight_decay_experiments/mbv2_bs128_lr1e-2_wd_1e-4_dp_2e-1_seed_42
17,0.960711116578844,1.0044160794999863,0.6566000538660883,0.6384155186340215,0.01,128,mbv2,0.0001,0.2,42,128,0.01,mbv2_bs128_lr1e-2_wd_1e-4_dp_2e-1_seed_42,/content/drive/MyDrive/weight_decay_experiments/mbv2_bs128_lr1e-2_wd_1e-4_dp_2e-1_seed_42
18,0.9558208190917968,1.0408839909235637,0.6494325497406449,0.632658681539142,0.01,128,mbv2,0.0001,0.2,42,128,0.01,mbv2_bs128_lr1e-2_wd_1e-4_dp_2e-1_seed_42,/content/drive/MyDrive/weight_decay_experiments/mbv2_bs128_lr1e-2_wd_1e-4_dp_2e-1_seed_42
19,0.951192036819458,0.9959084099027844,0.6603618355772782,0.6443320265807874,0.01,128,mbv2,0.0001,0.2,42,128,0.01,mbv2_bs128_lr1e-2_wd_1e-4_dp_2e-1_seed_42,/content/drive/MyDrive/weight_decay_experiments/mbv2_bs128_lr1e-2_wd_1e-4_dp_2e-1_seed_42
20,0.9477037174648708,1.046986313947042,0.6373164332066982,0.6195910762391119,0.01,128,mbv2,0.0001,0.2,42,128,0.01,mbv2_bs128_lr1e-2_wd_1e-4_dp_2e-1_seed_42,/content/drive/MyDrive/weight_decay_experiments/mbv2_bs128_lr1e-2_wd_1e-4_dp_2e-1_seed_42
21,0.9369692462497288,1.2158867518001133,0.608159147515683,0.5915260079579114,0.01,128,mbv2,0.0001,0.2,42,128,0.01,mbv2_bs128_lr1e-2_wd_1e-4_dp_2e-1_seed_42,/content/drive/MyDrive/weight_decay_experiments/mbv2_bs128_lr1e-2_wd_1e-4_dp_2e-1_seed_42
22,0.9386384465111628,1.0554601786719429,0.6380261244015882,0.6201996460753578,0.01,128,mbv2,0.0001,0.2,42,128,0.01,mbv2_bs128_lr1e-2_wd_1e-4_dp_2e-1_seed_42,/content/drive/MyDrive/weight_decay_experiments/mbv2_bs128_lr1e-2_wd_1e-4_dp_2e-1_seed_42
23,0.9299960197872584,1.0459027447488574,0.6379911047079938,0.620296027000704,0.01,128,mbv2,0.0001,0.2,42,128,0.01,mbv2_bs128_lr1e-2_wd_1e-4_dp_2e-1_seed_42,/content/drive/MyDrive/weight_decay_experiments/mbv2_bs128_lr1e-2_wd_1e-4_dp_2e-1_seed_42
24,0.9291777314927844,1.14977055683136,0.6318861648136196,0.6130546712080268,0.01,128,mbv2,0.0001,0.2,42,128,0.01,mbv2_bs128_lr1e-2_wd_1e-4_dp_2e-1_seed_42,/content/drive/MyDrive/weight_decay_experiments/mbv2_bs128_lr1e-2_wd_1e-4_dp_2e-1_seed_42
25,0.922874679989285,1.0838045799891154,0.6430064959335053,0.627717246940257,0.01,128,mbv2,0.0001,0.2,42,128,0.01,mbv2_bs128_lr1e-2_wd_1e-4_dp_2e-1_seed_42,/content/drive/MyDrive/weight_decay_experiments/mbv2_bs128_lr1e-2_wd_1e-4_dp_2e-1_seed_42
0,1.767930566321479,1.5356456434461805,0.4069110462206249,0.4024903301131955,0.01,128,mbv2,0.0001,0.2,7,128,0.01,mbv2_bs128_lr1e-2_wd_1e-4_dp_2e-1_seed_7,/content/drive/MyDrive/weight_decay_experiments/mbv2_bs128_lr1e-2_wd_1e-4_dp_2e-1_seed_7
1,1.4024154610104032,1.4444513162612915,0.4871552193744633,0.4794483789402676,0.01,128,mbv2,0.0001,0.2,7,128,0.01,mbv2_bs128_lr1e-2_wd_1e-4_dp_2e-1_seed_7,/content/drive/MyDrive/weight_decay_experiments/mbv2_bs128_lr1e-2_wd_1e-4_dp_2e-1_seed_7
2,1.2730679185655382,1.6328307291666666,0.4296484158877284,0.4249260227551859,0.01,128,mbv2,0.0001,0.2,7,128,0.01,mbv2_bs128_lr1e-2_wd_1e-4_dp_2e-1_seed_7,/content/drive/MyDrive/weight_decay_experiments/mbv2_bs128_lr1e-2_wd_1e-4_dp_2e-1_seed_7
3,1.2006580227533976,1.312823457262251,0.5262400107586799,0.5174857519873364,0.01,128,mbv2,0.0001,0.2,7,128,0.01,mbv2_bs128_lr1e-2_wd_1e-4_dp_2e-1_seed_7,/content/drive/MyDrive/weight_decay_experiments/mbv2_bs128_lr1e-2_wd_1e-4_dp_2e-1_seed_7
4,1.1494658325195313,1.2586783378283182,0.5403559728230205,0.5299997705843564,0.01,128,mbv2,0.0001,0.2,7,128,0.01,mbv2_bs128_lr1e-2_wd_1e-4_dp_2e-1_seed_7,/content/drive/MyDrive/weight_decay_experiments/mbv2_bs128_lr1e-2_wd_1e-4_dp_2e-1_seed_7
5,1.116531076727973,1.3516293447706431,0.534293109267752,0.5236174974470262,0.01,128,mbv2,0.0001,0.2,7,128,0.01,mbv2_bs128_lr1e-2_wd_1e-4_dp_2e-1_seed_7,/content/drive/MyDrive/weight_decay_experiments/mbv2_bs128_lr1e-2_wd_1e-4_dp_2e-1_seed_7
6,1.0871058954026964,1.1178618129200406,0.607750051296478,0.5907924227540472,0.01,128,mbv2,0.0001,0.2,7,128,0.01,mbv2_bs128_lr1e-2_wd_1e-4_dp_2e-1_seed_7,/content/drive/MyDrive/weight_decay_experiments/mbv2_bs128_lr1e-2_wd_1e-4_dp_2e-1_seed_7
7,1.0659739311642118,1.1609529203626845,0.5960978332918312,0.5804954977998841,0.01,128,mbv2,0.0001,0.2,7,128,0.01,mbv2_bs128_lr1e-2_wd_1e-4_dp_2e-1_seed_7,/content/drive/MyDrive/weight_decay_experiments/mbv2_bs128_lr1e-2_wd_1e-4_dp_2e-1_seed_7
8,1.0450187423070272,1.0954899374643965,0.6252695697615627,0.6107939636969494,0.01,128,mbv2,0.0001,0.2,7,128,0.01,mbv2_bs128_lr1e-2_wd_1e-4_dp_2e-1_seed_7,/content/drive/MyDrive/weight_decay_experiments/mbv2_bs128_lr1e-2_wd_1e-4_dp_2e-1_seed_7
9,1.029979580391778,1.162195030763414,0.590405179992924,0.5766491899850241,0.01,128,mbv2,0.0001,0.2,7,128,0.01,mbv2_bs128_lr1e-2_wd_1e-4_dp_2e-1_seed_7,/content/drive/MyDrive/weight_decay_experiments/mbv2_bs128_lr1e-2_wd_1e-4_dp_2e-1_seed_7
10,1.0181855394999186,1.1614987455368042,0.5918546806028414,0.5790572121127349,0.01,128,mbv2,0.0001,0.2,7,128,0.01,mbv2_bs128_lr1e-2_wd_1e-4_dp_2e-1_seed_7,/content/drive/MyDrive/weight_decay_experiments/mbv2_bs128_lr1e-2_wd_1e-4_dp_2e-1_seed_7
11,1.00935851688385,1.042628536966112,0.6410798769812506,0.6253558268463568,0.01,128,mbv2,0.0001,0.2,7,128,0.01,mbv2_bs128_lr1e-2_wd_1e-4_dp_2e-1_seed_7,/content/drive/MyDrive/weight_decay_experiments/mbv2_bs128_lr1e-2_wd_1e-4_dp_2e-1_seed_7
12,0.9981654511769612,1.194044610267215,0.581756713804851,0.5684602134922784,0.01,128,mbv2,0.0001,0.2,7,128,0.01,mbv2_bs128_lr1e-2_wd_1e-4_dp_2e-1_seed_7,/content/drive/MyDrive/weight_decay_experiments/mbv2_bs128_lr1e-2_wd_1e-4_dp_2e-1_seed_7
13,0.9844915546629164,1.0458785025702582,0.6421282573946181,0.6264461637893468,0.01,128,mbv2,0.0001,0.2,7,128,0.01,mbv2_bs128_lr1e-2_wd_1e-4_dp_2e-1_seed_7,/content/drive/MyDrive/weight_decay_experiments/mbv2_bs128_lr1e-2_wd_1e-4_dp_2e-1_seed_7
14,0.9792720933278402,0.9720478292571174,0.6713294963704506,0.6546967717677078,0.01,128,mbv2,0.0001,0.2,7,128,0.01,mbv2_bs128_lr1e-2_wd_1e-4_dp_2e-1_seed_7,/content/drive/MyDrive/weight_decay_experiments/mbv2_bs128_lr1e-2_wd_1e-4_dp_2e-1_seed_7
15,0.97080542839898,1.0820424058702256,0.637079077322939,0.6214663510361472,0.01,128,mbv2,0.0001,0.2,7,128,0.01,mbv2_bs128_lr1e-2_wd_1e-4_dp_2e-1_seed_7,/content/drive/MyDrive/weight_decay_experiments/mbv2_bs128_lr1e-2_wd_1e-4_dp_2e-1_seed_7
16,0.9594011799494424,1.0003601936128403,0.6631033554081085,0.6476889577860303,0.01,128,mbv2,0.0001,0.2,7,128,0.01,mbv2_bs128_lr1e-2_wd_1e-4_dp_2e-1_seed_7,/content/drive/MyDrive/weight_decay_experiments/mbv2_bs128_lr1e-2_wd_1e-4_dp_2e-1_seed_7
17,0.9604166015836928,1.109292133861118,0.6441581365427118,0.6272033243672915,0.01,128,mbv2,0.0001,0.2,7,128,0.01,mbv2_bs128_lr1e-2_wd_1e-4_dp_2e-1_seed_7,/content/drive/MyDrive/weight_decay_experiments/mbv2_bs128_lr1e-2_wd_1e-4_dp_2e-1_seed_7
18,0.9515310017479792,1.119394758990076,0.6189630627522618,0.6061193840666338,0.01,128,mbv2,0.0001,0.2,7,128,0.01,mbv2_bs128_lr1e-2_wd_1e-4_dp_2e-1_seed_7,/content/drive/MyDrive/weight_decay_experiments/mbv2_bs128_lr1e-2_wd_1e-4_dp_2e-1_seed_7
19,0.9519775038295322,1.206555972205268,0.5964801301038071,0.5823940638224304,0.01,128,mbv2,0.0001,0.2,7,128,0.01,mbv2_bs128_lr1e-2_wd_1e-4_dp_2e-1_seed_7,/content/drive/MyDrive/weight_decay_experiments/mbv2_bs128_lr1e-2_wd_1e-4_dp_2e-1_seed_7
20,0.9439810178332858,1.073179011683994,0.629843035008011,0.6128528896939103,0.01,128,mbv2,0.0001,0.2,7,128,0.01,mbv2_bs128_lr1e-2_wd_1e-4_dp_2e-1_seed_7,/content/drive/MyDrive/weight_decay_experiments/mbv2_bs128_lr1e-2_wd_1e-4_dp_2e-1_seed_7
21,0.9407392734209696,0.955458219104343,0.6794349866088975,0.6627623448534727,0.01,128,mbv2,0.0001,0.2,7,128,0.01,mbv2_bs128_lr1e-2_wd_1e-4_dp_2e-1_seed_7,/content/drive/MyDrive/weight_decay_experiments/mbv2_bs128_lr1e-2_wd_1e-4_dp_2e-1_seed_7
22,0.9326827133390638,0.97690869907803,0.6676707664908685,0.6510195770354511,0.01,128,mbv2,0.0001,0.2,7,128,0.01,mbv2_bs128_lr1e-2_wd_1e-4_dp_2e-1_seed_7,/content/drive/MyDrive/weight_decay_experiments/mbv2_bs128_lr1e-2_wd_1e-4_dp_2e-1_seed_7
23,0.9331699418385824,1.0291269404941137,0.6534999894459413,0.6363962919476317,0.01,128,mbv2,0.0001,0.2,7,128,0.01,mbv2_bs128_lr1e-2_wd_1e-4_dp_2e-1_seed_7,/content/drive/MyDrive/weight_decay_experiments/mbv2_bs128_lr1e-2_wd_1e-4_dp_2e-1_seed_7
24,0.931262914996677,1.055717062356737,0.6383824493260312,0.6233873171100883,0.01,128,mbv2,0.0001,0.2,7,128,0.01,mbv2_bs128_lr1e-2_wd_1e-4_dp_2e-1_seed_7,/content/drive/MyDrive/weight_decay_experiments/mbv2_bs128_lr1e-2_wd_1e-4_dp_2e-1_seed_7
25,0.9247467147191366,1.0366160672187803,0.6476581233357998,0.6301208076815492,0.01,128,mbv2,0.0001,0.2,7,128,0.01,mbv2_bs128_lr1e-2_wd_1e-4_dp_2e-1_seed_7,/content/drive/MyDrive/weight_decay_experiments/mbv2_bs128_lr1e-2_wd_1e-4_dp_2e-1_seed_7
0,1.7829088709089491,1.6870750241173638,0.3500956699704797,0.3473307484408608,0.01,128,mbv2,0.0001,0.2,999,128,0.01,mbv2_bs128_lr1e-2_wd_1e-4_dp_2e-1_seed_999,/content/drive/MyDrive/weight_decay_experiments/mbv2_bs128_lr1e-2_wd_1e-4_dp_2e-1_seed_999
1,1.397284506310357,1.513816792064243,0.4199282401114783,0.4161569447235398,0.01,128,mbv2,0.0001,0.2,999,128,0.01,mbv2_bs128_lr1e-2_wd_1e-4_dp_2e-1_seed_999,/content/drive/MyDrive/weight_decay_experiments/mbv2_bs128_lr1e-2_wd_1e-4_dp_2e-1_seed_999
2,1.2692243208355374,1.3746402032640246,0.4901726729116031,0.4835624076378381,0.01,128,mbv2,0.0001,0.2,999,128,0.01,mbv2_bs128_lr1e-2_wd_1e-4_dp_2e-1_seed_999,/content/drive/MyDrive/weight_decay_experiments/mbv2_bs128_lr1e-2_wd_1e-4_dp_2e-1_seed_999
3,1.1974013697306316,1.2069206373638577,0.5554026298483105,0.5435953547685236,0.01,128,mbv2,0.0001,0.2,999,128,0.01,mbv2_bs128_lr1e-2_wd_1e-4_dp_2e-1_seed_999,/content/drive/MyDrive/weight_decay_experiments/mbv2_bs128_lr1e-2_wd_1e-4_dp_2e-1_seed_999
4,1.1540435407002767,1.267379699314965,0.5319210486865311,0.526583548994205,0.01,128,mbv2,0.0001,0.2,999,128,0.01,mbv2_bs128_lr1e-2_wd_1e-4_dp_2e-1_seed_999,/content/drive/MyDrive/weight_decay_experiments/mbv2_bs128_lr1e-2_wd_1e-4_dp_2e-1_seed_999
5,1.1214979376051162,1.1531879873699613,0.593226593812187,0.5840183229433495,0.01,128,mbv2,0.0001,0.2,999,128,0.01,mbv2_bs128_lr1e-2_wd_1e-4_dp_2e-1_seed_999,/content/drive/MyDrive/weight_decay_experiments/mbv2_bs128_lr1e-2_wd_1e-4_dp_2e-1_seed_999
6,1.0964387947294447,1.142576552327474,0.6089882292065503,0.5954105673929527,0.01,128,mbv2,0.0001,0.2,999,128,0.01,mbv2_bs128_lr1e-2_wd_1e-4_dp_2e-1_seed_999,/content/drive/MyDrive/weight_decay_experiments/mbv2_bs128_lr1e-2_wd_1e-4_dp_2e-1_seed_999
7,1.0807257571750215,1.1516633393817477,0.6046973509096066,0.5907791515025157,0.01,128,mbv2,0.0001,0.2,999,128,0.01,mbv2_bs128_lr1e-2_wd_1e-4_dp_2e-1_seed_999,/content/drive/MyDrive/weight_decay_experiments/mbv2_bs128_lr1e-2_wd_1e-4_dp_2e-1_seed_999
8,1.057181894768609,1.251736824353536,0.5582394877377255,0.5503922478260448,0.01,128,mbv2,0.0001,0.2,999,128,0.01,mbv2_bs128_lr1e-2_wd_1e-4_dp_2e-1_seed_999,/content/drive/MyDrive/weight_decay_experiments/mbv2_bs128_lr1e-2_wd_1e-4_dp_2e-1_seed_999
9,1.0461817514631484,1.153416304397583,0.5825895921067009,0.5725991804619167,0.01,128,mbv2,0.0001,0.2,999,128,0.01,mbv2_bs128_lr1e-2_wd_1e-4_dp_2e-1_seed_999,/content/drive/MyDrive/weight_decay_experiments/mbv2_bs128_lr1e-2_wd_1e-4_dp_2e-1_seed_999
10,1.0263368348439534,1.1069158824708727,0.616330291376119,0.6033994813428262,0.01,128,mbv2,0.0001,0.2,999,128,0.01,mbv2_bs128_lr1e-2_wd_1e-4_dp_2e-1_seed_999,/content/drive/MyDrive/weight_decay_experiments/mbv2_bs128_lr1e-2_wd_1e-4_dp_2e-1_seed_999
11,1.0089900040308637,1.8020002457088893,0.3818417073529186,0.3774082603302203,0.01,128,mbv2,0.0001,0.2,999,128,0.01,mbv2_bs128_lr1e-2_wd_1e-4_dp_2e-1_seed_999,/content/drive/MyDrive/weight_decay_experiments/mbv2_bs128_lr1e-2_wd_1e-4_dp_2e-1_seed_999
12,1.0048803480996027,1.145097996828291,0.5987244385322018,0.5864507337930817,0.01,128,mbv2,0.0001,0.2,999,128,0.01,mbv2_bs128_lr1e-2_wd_1e-4_dp_2e-1_seed_999,/content/drive/MyDrive/weight_decay_experiments/mbv2_bs128_lr1e-2_wd_1e-4_dp_2e-1_seed_999
13,0.998232243569692,1.0886615577909682,0.6184808198601743,0.6064701041573339,0.01,128,mbv2,0.0001,0.2,999,128,0.01,mbv2_bs128_lr1e-2_wd_1e-4_dp_2e-1_seed_999,/content/drive/MyDrive/weight_decay_experiments/mbv2_bs128_lr1e-2_wd_1e-4_dp_2e-1_seed_999
14,0.9858268407821656,1.4039778496636284,0.5519477206625727,0.5370029750598483,0.01,128,mbv2,0.0001,0.2,999,128,0.01,mbv2_bs128_lr1e-2_wd_1e-4_dp_2e-1_seed_999,/content/drive/MyDrive/weight_decay_experiments/mbv2_bs128_lr1e-2_wd_1e-4_dp_2e-1_seed_999
15,0.9774106273651124,1.1633174853854709,0.5938941511409205,0.5763557155968584,0.01,128,mbv2,0.0001,0.2,999,128,0.01,mbv2_bs128_lr1e-2_wd_1e-4_dp_2e-1_seed_999,/content/drive/MyDrive/weight_decay_experiments/mbv2_bs128_lr1e-2_wd_1e-4_dp_2e-1_seed_999
16,0.9790505784140692,1.2780833053800795,0.555860768135846,0.541517434392866,0.01,128,mbv2,0.0001,0.2,999,128,0.01,mbv2_bs128_lr1e-2_wd_1e-4_dp_2e-1_seed_999,/content/drive/MyDrive/weight_decay_experiments/mbv2_bs128_lr1e-2_wd_1e-4_dp_2e-1_seed_999
17,0.9726332062191432,1.078168045171102,0.6270159596834816,0.6132095804469646,0.01,128,mbv2,0.0001,0.2,999,128,0.01,mbv2_bs128_lr1e-2_wd_1e-4_dp_2e-1_seed_999,/content/drive/MyDrive/weight_decay_experiments/mbv2_bs128_lr1e-2_wd_1e-4_dp_2e-1_seed_999
18,0.9660538722462124,1.043912691116333,0.635120480095701,0.6195990696105992,0.01,128,mbv2,0.0001,0.2,999,128,0.01,mbv2_bs128_lr1e-2_wd_1e-4_dp_2e-1_seed_999,/content/drive/MyDrive/weight_decay_experiments/mbv2_bs128_lr1e-2_wd_1e-4_dp_2e-1_seed_999
19,0.9573224633110894,1.0345334278742473,0.6357226634610758,0.6162239194884372,0.01,128,mbv2,0.0001,0.2,999,128,0.01,mbv2_bs128_lr1e-2_wd_1e-4_dp_2e-1_seed_999,/content/drive/MyDrive/weight_decay_experiments/mbv2_bs128_lr1e-2_wd_1e-4_dp_2e-1_seed_999
20,0.9539851981692844,0.9715210681067572,0.6653175769243156,0.6464750548167106,0.01,128,mbv2,0.0001,0.2,999,128,0.01,mbv2_bs128_lr1e-2_wd_1e-4_dp_2e-1_seed_999,/content/drive/MyDrive/weight_decay_experiments/mbv2_bs128_lr1e-2_wd_1e-4_dp_2e-1_seed_999
21,0.952207610797882,0.9929516958660548,0.6551766002250144,0.6371247352848227,0.01,128,mbv2,0.0001,0.2,999,128,0.01,mbv2_bs128_lr1e-2_wd_1e-4_dp_2e-1_seed_999,/content/drive/MyDrive/weight_decay_experiments/mbv2_bs128_lr1e-2_wd_1e-4_dp_2e-1_seed_999
22,0.9512409119817946,1.0351230446921456,0.6464300999235861,0.6284527816049484,0.01,128,mbv2,0.0001,0.2,999,128,0.01,mbv2_bs128_lr1e-2_wd_1e-4_dp_2e-1_seed_999,/content/drive/MyDrive/weight_decay_experiments/mbv2_bs128_lr1e-2_wd_1e-4_dp_2e-1_seed_999
23,0.946182510418362,1.0128000999450684,0.6602066972025801,0.641478175837533,0.01,128,mbv2,0.0001,0.2,999,128,0.01,mbv2_bs128_lr1e-2_wd_1e-4_dp_2e-1_seed_999,/content/drive/MyDrive/weight_decay_experiments/mbv2_bs128_lr1e-2_wd_1e-4_dp_2e-1_seed_999
24,0.9432788885328504,1.0391855502870349,0.6367664339958173,0.6196564817065311,0.01,128,mbv2,0.0001,0.2,999,128,0.01,mbv2_bs128_lr1e-2_wd_1e-4_dp_2e-1_seed_999,/content/drive/MyDrive/weight_decay_experiments/mbv2_bs128_lr1e-2_wd_1e-4_dp_2e-1_seed_999
25,0.9419572971132066,1.0250119832568698,0.6438780924078041,0.6273391355978429,0.01,128,mbv2,0.0001,0.2,999,128,0.01,mbv2_bs128_lr1e-2_wd_1e-4_dp_2e-1_seed_999,/content/drive/MyDrive/weight_decay_experiments/mbv2_bs128_lr1e-2_wd_1e-4_dp_2e-1_seed_999
0,1.8840755878448487,1.7574188556671142,0.2963250297148802,0.2940153192438902,0.01,128,mbv2,1e-05,0.2,123,128,0.01,mbv2_bs128_lr1e-2_wd_1e-5_dp_2e-1_seed_123,/content/drive/MyDrive/weight_decay_experiments/mbv2_bs128_lr1e-2_wd_1e-5_dp_2e-1_seed_123
1,1.559151541519165,1.434997774887085,0.4556767023312607,0.4522627651920874,0.01,128,mbv2,1e-05,0.2,123,128,0.01,mbv2_bs128_lr1e-2_wd_1e-5_dp_2e-1_seed_123,/content/drive/MyDrive/weight_decay_experiments/mbv2_bs128_lr1e-2_wd_1e-5_dp_2e-1_seed_123
2,1.3145029878192478,1.4222344095759922,0.4813856615989052,0.4707271391298627,0.01,128,mbv2,1e-05,0.2,123,128,0.01,mbv2_bs128_lr1e-2_wd_1e-5_dp_2e-1_seed_123,/content/drive/MyDrive/weight_decay_experiments/mbv2_bs128_lr1e-2_wd_1e-5_dp_2e-1_seed_123
3,1.210477904340956,1.2232744036992391,0.5704518269940851,0.5567848533555932,0.01,128,mbv2,1e-05,0.2,123,128,0.01,mbv2_bs128_lr1e-2_wd_1e-5_dp_2e-1_seed_123,/content/drive/MyDrive/weight_decay_experiments/mbv2_bs128_lr1e-2_wd_1e-5_dp_2e-1_seed_123
4,1.1243829024420844,1.2448516549428303,0.5594094534910943,0.5457426303239025,0.01,128,mbv2,1e-05,0.2,123,128,0.01,mbv2_bs128_lr1e-2_wd_1e-5_dp_2e-1_seed_123,/content/drive/MyDrive/weight_decay_experiments/mbv2_bs128_lr1e-2_wd_1e-5_dp_2e-1_seed_123
5,1.0720476193745931,1.1627208027733698,0.6084653611329311,0.5888785289767325,0.01,128,mbv2,1e-05,0.2,123,128,0.01,mbv2_bs128_lr1e-2_wd_1e-5_dp_2e-1_seed_123,/content/drive/MyDrive/weight_decay_experiments/mbv2_bs128_lr1e-2_wd_1e-5_dp_2e-1_seed_123
6,1.0208993183771768,1.0445628768285116,0.6422218659836534,0.6228030992012312,0.01,128,mbv2,1e-05,0.2,123,128,0.01,mbv2_bs128_lr1e-2_wd_1e-5_dp_2e-1_seed_123,/content/drive/MyDrive/weight_decay_experiments/mbv2_bs128_lr1e-2_wd_1e-5_dp_2e-1_seed_123
7,0.9853474850972492,1.0369055635028417,0.6622963955468946,0.6382597686922983,0.01,128,mbv2,1e-05,0.2,123,128,0.01,mbv2_bs128_lr1e-2_wd_1e-5_dp_2e-1_seed_123,/content/drive/MyDrive/weight_decay_experiments/mbv2_bs128_lr1e-2_wd_1e-5_dp_2e-1_seed_123
8,0.9438456494225396,1.0151176741494072,0.6678275657792522,0.6413370775580063,0.01,128,mbv2,1e-05,0.2,123,128,0.01,mbv2_bs128_lr1e-2_wd_1e-5_dp_2e-1_seed_123,/content/drive/MyDrive/weight_decay_experiments/mbv2_bs128_lr1e-2_wd_1e-5_dp_2e-1_seed_123
9,0.915643530315823,0.9528301216761272,0.6884884623526416,0.6594917924307094,0.01,128,mbv2,1e-05,0.2,123,128,0.01,mbv2_bs128_lr1e-2_wd_1e-5_dp_2e-1_seed_123,/content/drive/MyDrive/weight_decay_experiments/mbv2_bs128_lr1e-2_wd_1e-5_dp_2e-1_seed_123
10,0.8943402161492242,0.938777523390452,0.6913062770728533,0.6625811680549646,0.01,128,mbv2,1e-05,0.2,123,128,0.01,mbv2_bs128_lr1e-2_wd_1e-5_dp_2e-1_seed_123,/content/drive/MyDrive/weight_decay_experiments/mbv2_bs128_lr1e-2_wd_1e-5_dp_2e-1_seed_123
11,0.8725599223454793,0.915312521870931,0.702455470915857,0.6713925446575755,0.01,128,mbv2,1e-05,0.2,123,128,0.01,mbv2_bs128_lr1e-2_wd_1e-5_dp_2e-1_seed_123,/content/drive/MyDrive/weight_decay_experiments/mbv2_bs128_lr1e-2_wd_1e-5_dp_2e-1_seed_123
12,0.8414281682120429,0.9224105537414552,0.7093436590860184,0.6805047377859851,0.01,128,mbv2,1e-05,0.2,123,128,0.01,mbv2_bs128_lr1e-2_wd_1e-5_dp_2e-1_seed_123,/content/drive/MyDrive/weight_decay_experiments/mbv2_bs128_lr1e-2_wd_1e-5_dp_2e-1_seed_123
13,0.8292552166408963,0.8908670646773444,0.7211051890626986,0.6840006900263047,0.01,128,mbv2,1e-05,0.2,123,128,0.01,mbv2_bs128_lr1e-2_wd_1e-5_dp_2e-1_seed_123,/content/drive/MyDrive/weight_decay_experiments/mbv2_bs128_lr1e-2_wd_1e-5_dp_2e-1_seed_123
14,0.8124095254474216,0.9126877881262038,0.7203425774214,0.682933912018167,0.01,128,mbv2,1e-05,0.2,123,128,0.01,mbv2_bs128_lr1e-2_wd_1e-5_dp_2e-1_seed_123,/content/drive/MyDrive/weight_decay_experiments/mbv2_bs128_lr1e-2_wd_1e-5_dp_2e-1_seed_123
15,0.7957616027832031,0.8584195268842909,0.737440959856419,0.6972067184619783,0.01,128,mbv2,1e-05,0.2,123,128,0.01,mbv2_bs128_lr1e-2_wd_1e-5_dp_2e-1_seed_123,/content/drive/MyDrive/weight_decay_experiments/mbv2_bs128_lr1e-2_wd_1e-5_dp_2e-1_seed_123
16,0.7853294801500108,0.8664606925964355,0.7361684449516168,0.6943484986369877,0.01,128,mbv2,1e-05,0.2,123,128,0.01,mbv2_bs128_lr1e-2_wd_1e-5_dp_2e-1_seed_123,/content/drive/MyDrive/weight_decay_experiments/mbv2_bs128_lr1e-2_wd_1e-5_dp_2e-1_seed_123
17,0.771082695865631,0.9034904760360718,0.7347672079323988,0.688030431328786,0.01,128,mbv2,1e-05,0.2,123,128,0.01,mbv2_bs128_lr1e-2_wd_1e-5_dp_2e-1_seed_123,/content/drive/MyDrive/weight_decay_experiments/mbv2_bs128_lr1e-2_wd_1e-5_dp_2e-1_seed_123
18,0.7579769003974067,0.8964678685824077,0.7380741842449197,0.6933586929947614,0.01,128,mbv2,1e-05,0.2,123,128,0.01,mbv2_bs128_lr1e-2_wd_1e-5_dp_2e-1_seed_123,/content/drive/MyDrive/weight_decay_experiments/mbv2_bs128_lr1e-2_wd_1e-5_dp_2e-1_seed_123
19,0.7461726649390327,0.8766095814069113,0.7398836727334912,0.6937082723897765,0.01,128,mbv2,1e-05,0.2,123,128,0.01,mbv2_bs128_lr1e-2_wd_1e-5_dp_2e-1_seed_123,/content/drive/MyDrive/weight_decay_experiments/mbv2_bs128_lr1e-2_wd_1e-5_dp_2e-1_seed_123
20,0.7375279429117838,0.8534183478461371,0.7490215614282132,0.7022572660519179,0.01,128,mbv2,1e-05,0.2,123,128,0.01,mbv2_bs128_lr1e-2_wd_1e-5_dp_2e-1_seed_123,/content/drive/MyDrive/weight_decay_experiments/mbv2_bs128_lr1e-2_wd_1e-5_dp_2e-1_seed_123
21,0.7249654652913411,1.2654522892475129,0.6215989838895185,0.5917916206393355,0.01,128,mbv2,1e-05,0.2,123,128,0.01,mbv2_bs128_lr1e-2_wd_1e-5_dp_2e-1_seed_123,/content/drive/MyDrive/weight_decay_experiments/mbv2_bs128_lr1e-2_wd_1e-5_dp_2e-1_seed_123
22,0.722305546315511,0.8011191797150506,0.7637318554402456,0.7112390435531503,0.01,128,mbv2,1e-05,0.2,123,128,0.01,mbv2_bs128_lr1e-2_wd_1e-5_dp_2e-1_seed_123,/content/drive/MyDrive/weight_decay_experiments/mbv2_bs128_lr1e-2_wd_1e-5_dp_2e-1_seed_123
23,0.7115206503974066,0.8476921063635084,0.7550197864550149,0.7027936982300371,0.01,128,mbv2,1e-05,0.2,123,128,0.01,mbv2_bs128_lr1e-2_wd_1e-5_dp_2e-1_seed_123,/content/drive/MyDrive/weight_decay_experiments/mbv2_bs128_lr1e-2_wd_1e-5_dp_2e-1_seed_123
24,0.7078027408281962,0.8715270600318908,0.7456835322206146,0.695718191387339,0.01,128,mbv2,1e-05,0.2,123,128,0.01,mbv2_bs128_lr1e-2_wd_1e-5_dp_2e-1_seed_123,/content/drive/MyDrive/weight_decay_experiments/mbv2_bs128_lr1e-2_wd_1e-5_dp_2e-1_seed_123
25,0.6985328358120388,0.8364184061898126,0.7535101594757918,0.7022803131452311,0.01,128,mbv2,1e-05,0.2,123,128,0.01,mbv2_bs128_lr1e-2_wd_1e-5_dp_2e-1_seed_123,/content/drive/MyDrive/weight_decay_experiments/mbv2_bs128_lr1e-2_wd_1e-5_dp_2e-1_seed_123
0,1.8301212260776096,1.6774898988511828,0.349159931889861,0.3463203128443183,0.01,128,mbv2,1e-05,0.2,2024,128,0.01,mbv2_bs128_lr1e-2_wd_1e-5_dp_2e-1_seed_2024,/content/drive/MyDrive/weight_decay_experiments/mbv2_bs128_lr1e-2_wd_1e-5_dp_2e-1_seed_2024
1,1.4064435678270129,1.3817487569385103,0.5030669007739128,0.4914519485622282,0.01,128,mbv2,1e-05,0.2,2024,128,0.01,mbv2_bs128_lr1e-2_wd_1e-5_dp_2e-1_seed_2024,/content/drive/MyDrive/weight_decay_experiments/mbv2_bs128_lr1e-2_wd_1e-5_dp_2e-1_seed_2024
2,1.2380626714494494,1.3549381330913968,0.5218909012675901,0.509858213435409,0.01,128,mbv2,1e-05,0.2,2024,128,0.01,mbv2_bs128_lr1e-2_wd_1e-5_dp_2e-1_seed_2024,/content/drive/MyDrive/weight_decay_experiments/mbv2_bs128_lr1e-2_wd_1e-5_dp_2e-1_seed_2024
3,1.1519271312395731,1.2512075272454155,0.5650841405252789,0.5508673360638936,0.01,128,mbv2,1e-05,0.2,2024,128,0.01,mbv2_bs128_lr1e-2_wd_1e-5_dp_2e-1_seed_2024,/content/drive/MyDrive/weight_decay_experiments/mbv2_bs128_lr1e-2_wd_1e-5_dp_2e-1_seed_2024
4,1.093650842221578,1.250358462630378,0.578599994944147,0.5602953923944248,0.01,128,mbv2,1e-05,0.2,2024,128,0.01,mbv2_bs128_lr1e-2_wd_1e-5_dp_2e-1_seed_2024,/content/drive/MyDrive/weight_decay_experiments/mbv2_bs128_lr1e-2_wd_1e-5_dp_2e-1_seed_2024
5,1.0410084647708469,1.2326261226230195,0.5746597420864169,0.5587010551481754,0.01,128,mbv2,1e-05,0.2,2024,128,0.01,mbv2_bs128_lr1e-2_wd_1e-5_dp_2e-1_seed_2024,/content/drive/MyDrive/weight_decay_experiments/mbv2_bs128_lr1e-2_wd_1e-5_dp_2e-1_seed_2024
6,1.000761416774326,1.0581274751027423,0.6277352176902874,0.6072667605687023,0.01,128,mbv2,1e-05,0.2,2024,128,0.01,mbv2_bs128_lr1e-2_wd_1e-5_dp_2e-1_seed_2024,/content/drive/MyDrive/weight_decay_experiments/mbv2_bs128_lr1e-2_wd_1e-5_dp_2e-1_seed_2024
7,0.9622616390016344,1.098932222980923,0.624337658178835,0.6017467538451104,0.01,128,mbv2,1e-05,0.2,2024,128,0.01,mbv2_bs128_lr1e-2_wd_1e-5_dp_2e-1_seed_2024,/content/drive/MyDrive/weight_decay_experiments/mbv2_bs128_lr1e-2_wd_1e-5_dp_2e-1_seed_2024
8,0.9272079988797506,1.0240257142278884,0.6530344478980804,0.630112850044428,0.01,128,mbv2,1e-05,0.2,2024,128,0.01,mbv2_bs128_lr1e-2_wd_1e-5_dp_2e-1_seed_2024,/content/drive/MyDrive/weight_decay_experiments/mbv2_bs128_lr1e-2_wd_1e-5_dp_2e-1_seed_2024
9,0.8980994313346015,0.97264939166175,0.6827137896735092,0.6528151843902841,0.01,128,mbv2,1e-05,0.2,2024,128,0.01,mbv2_bs128_lr1e-2_wd_1e-5_dp_2e-1_seed_2024,/content/drive/MyDrive/weight_decay_experiments/mbv2_bs128_lr1e-2_wd_1e-5_dp_2e-1_seed_2024
10,0.8712741424560547,0.9593759624375238,0.6945843890373337,0.6637279241958866,0.01,128,mbv2,1e-05,0.2,2024,128,0.01,mbv2_bs128_lr1e-2_wd_1e-5_dp_2e-1_seed_2024,/content/drive/MyDrive/weight_decay_experiments/mbv2_bs128_lr1e-2_wd_1e-5_dp_2e-1_seed_2024
11,0.8449908715142144,0.9347761986944412,0.6974930964992287,0.6640512059918604,0.01,128,mbv2,1e-05,0.2,2024,128,0.01,mbv2_bs128_lr1e-2_wd_1e-5_dp_2e-1_seed_2024,/content/drive/MyDrive/weight_decay_experiments/mbv2_bs128_lr1e-2_wd_1e-5_dp_2e-1_seed_2024
12,0.8330063663906522,0.9526619258032905,0.7066309657053332,0.6717790331588128,0.01,128,mbv2,1e-05,0.2,2024,128,0.01,mbv2_bs128_lr1e-2_wd_1e-5_dp_2e-1_seed_2024,/content/drive/MyDrive/weight_decay_experiments/mbv2_bs128_lr1e-2_wd_1e-5_dp_2e-1_seed_2024
13,0.8096631218804253,0.912545163928138,0.7218315906665937,0.6844217990712662,0.01,128,mbv2,1e-05,0.2,2024,128,0.01,mbv2_bs128_lr1e-2_wd_1e-5_dp_2e-1_seed_2024,/content/drive/MyDrive/weight_decay_experiments/mbv2_bs128_lr1e-2_wd_1e-5_dp_2e-1_seed_2024
14,0.7925621016820272,0.8843467805915408,0.7181660630118314,0.6793768973250234,0.01,128,mbv2,1e-05,0.2,2024,128,0.01,mbv2_bs128_lr1e-2_wd_1e-5_dp_2e-1_seed_2024,/content/drive/MyDrive/weight_decay_experiments/mbv2_bs128_lr1e-2_wd_1e-5_dp_2e-1_seed_2024
15,0.7792848440382216,0.8980257008658515,0.7215334299966927,0.6848160177292033,0.01,128,mbv2,1e-05,0.2,2024,128,0.01,mbv2_bs128_lr1e-2_wd_1e-5_dp_2e-1_seed_2024,/content/drive/MyDrive/weight_decay_experiments/mbv2_bs128_lr1e-2_wd_1e-5_dp_2e-1_seed_2024
16,0.7723961772706773,0.9096448034604392,0.7246005396516652,0.6836119294464668,0.01,128,mbv2,1e-05,0.2,2024,128,0.01,mbv2_bs128_lr1e-2_wd_1e-5_dp_2e-1_seed_2024,/content/drive/MyDrive/weight_decay_experiments/mbv2_bs128_lr1e-2_wd_1e-5_dp_2e-1_seed_2024
17,0.7562880069096883,0.8568277967876858,0.7343013527372146,0.6953856039567208,0.01,128,mbv2,1e-05,0.2,2024,128,0.01,mbv2_bs128_lr1e-2_wd_1e-5_dp_2e-1_seed_2024,/content/drive/MyDrive/weight_decay_experiments/mbv2_bs128_lr1e-2_wd_1e-5_dp_2e-1_seed_2024
18,0.7445606352912055,0.8047920704046885,0.7597022084877383,0.7142435286780131,0.01,128,mbv2,1e-05,0.2,2024,128,0.01,mbv2_bs128_lr1e-2_wd_1e-5_dp_2e-1_seed_2024,/content/drive/MyDrive/weight_decay_experiments/mbv2_bs128_lr1e-2_wd_1e-5_dp_2e-1_seed_2024
19,0.7363836418787638,6.774312851577335,0.1666872816293317,0.1621176143623413,0.01,128,mbv2,1e-05,0.2,2024,128,0.01,mbv2_bs128_lr1e-2_wd_1e-5_dp_2e-1_seed_2024,/content/drive/MyDrive/weight_decay_experiments/mbv2_bs128_lr1e-2_wd_1e-5_dp_2e-1_seed_2024
20,0.7261520632002089,0.8880758256170485,0.730083835613051,0.6845757334006567,0.01,128,mbv2,1e-05,0.2,2024,128,0.01,mbv2_bs128_lr1e-2_wd_1e-5_dp_2e-1_seed_2024,/content/drive/MyDrive/weight_decay_experiments/mbv2_bs128_lr1e-2_wd_1e-5_dp_2e-1_seed_2024
21,0.7209041410658095,0.8794346696562237,0.7307651283958402,0.6860505832283761,0.01,128,mbv2,1e-05,0.2,2024,128,0.01,mbv2_bs128_lr1e-2_wd_1e-5_dp_2e-1_seed_2024,/content/drive/MyDrive/weight_decay_experiments/mbv2_bs128_lr1e-2_wd_1e-5_dp_2e-1_seed_2024
22,0.7129727881325616,1.0388830820825363,0.7021796970224499,0.6600861541231581,0.01,128,mbv2,1e-05,0.2,2024,128,0.01,mbv2_bs128_lr1e-2_wd_1e-5_dp_2e-1_seed_2024,/content/drive/MyDrive/weight_decay_experiments/mbv2_bs128_lr1e-2_wd_1e-5_dp_2e-1_seed_2024
23,0.7050533057954577,0.8046889715618557,0.7745405927028329,0.718340332961502,0.01,128,mbv2,1e-05,0.2,2024,128,0.01,mbv2_bs128_lr1e-2_wd_1e-5_dp_2e-1_seed_2024,/content/drive/MyDrive/weight_decay_experiments/mbv2_bs128_lr1e-2_wd_1e-5_dp_2e-1_seed_2024
24,0.6983822731229994,0.841921335665385,0.7456297947212186,0.698152696369014,0.01,128,mbv2,1e-05,0.2,2024,128,0.01,mbv2_bs128_lr1e-2_wd_1e-5_dp_2e-1_seed_2024,/content/drive/MyDrive/weight_decay_experiments/mbv2_bs128_lr1e-2_wd_1e-5_dp_2e-1_seed_2024
25,0.6909933127509224,0.8587687851111094,0.7613791326947702,0.7040778757346026,0.01,128,mbv2,1e-05,0.2,2024,128,0.01,mbv2_bs128_lr1e-2_wd_1e-5_dp_2e-1_seed_2024,/content/drive/MyDrive/weight_decay_experiments/mbv2_bs128_lr1e-2_wd_1e-5_dp_2e-1_seed_2024
0,1.81010559302436,1.6820251317765975,0.3403687908569898,0.3381970181067005,0.01,128,mbv2,1e-05,0.2,42,128,0.01,mbv2_bs128_lr1e-2_wd_1e-5_dp_2e-1_seed_42,/content/drive/MyDrive/weight_decay_experiments/mbv2_bs128_lr1e-2_wd_1e-5_dp_2e-1_seed_42
1,1.4855236571417914,1.579140751944648,0.4326005800799077,0.4284081594413479,0.01,128,mbv2,1e-05,0.2,42,128,0.01,mbv2_bs128_lr1e-2_wd_1e-5_dp_2e-1_seed_42,/content/drive/MyDrive/weight_decay_experiments/mbv2_bs128_lr1e-2_wd_1e-5_dp_2e-1_seed_42
2,1.2943231390635173,1.2377689510557386,0.562981384254795,0.5521303317509277,0.01,128,mbv2,1e-05,0.2,42,128,0.01,mbv2_bs128_lr1e-2_wd_1e-5_dp_2e-1_seed_42,/content/drive/MyDrive/weight_decay_experiments/mbv2_bs128_lr1e-2_wd_1e-5_dp_2e-1_seed_42
3,1.18476301328871,1.2016731445736355,0.5834768078121095,0.5695856050907749,0.01,128,mbv2,1e-05,0.2,42,128,0.01,mbv2_bs128_lr1e-2_wd_1e-5_dp_2e-1_seed_42,/content/drive/MyDrive/weight_decay_experiments/mbv2_bs128_lr1e-2_wd_1e-5_dp_2e-1_seed_42
4,1.1221780212402344,1.1992753390947977,0.6007186116231285,0.5853033664967953,0.01,128,mbv2,1e-05,0.2,42,128,0.01,mbv2_bs128_lr1e-2_wd_1e-5_dp_2e-1_seed_42,/content/drive/MyDrive/weight_decay_experiments/mbv2_bs128_lr1e-2_wd_1e-5_dp_2e-1_seed_42
5,1.0751813102722168,1.1233145968755087,0.598473918147141,0.5820053967778288,0.01,128,mbv2,1e-05,0.2,42,128,0.01,mbv2_bs128_lr1e-2_wd_1e-5_dp_2e-1_seed_42,/content/drive/MyDrive/weight_decay_experiments/mbv2_bs128_lr1e-2_wd_1e-5_dp_2e-1_seed_42
6,1.031572831556532,1.0398713747024535,0.6414080099385522,0.6228992890156758,0.01,128,mbv2,1e-05,0.2,42,128,0.01,mbv2_bs128_lr1e-2_wd_1e-5_dp_2e-1_seed_42,/content/drive/MyDrive/weight_decay_experiments/mbv2_bs128_lr1e-2_wd_1e-5_dp_2e-1_seed_42
7,0.9895982492817772,1.0129754027048747,0.6491071799367052,0.6242174758509375,0.01,128,mbv2,1e-05,0.2,42,128,0.01,mbv2_bs128_lr1e-2_wd_1e-5_dp_2e-1_seed_42,/content/drive/MyDrive/weight_decay_experiments/mbv2_bs128_lr1e-2_wd_1e-5_dp_2e-1_seed_42
8,0.9511341137780084,1.041059155538347,0.650318461396749,0.6274778399761944,0.01,128,mbv2,1e-05,0.2,42,128,0.01,mbv2_bs128_lr1e-2_wd_1e-5_dp_2e-1_seed_42,/content/drive/MyDrive/weight_decay_experiments/mbv2_bs128_lr1e-2_wd_1e-5_dp_2e-1_seed_42
9,0.9193930587026808,1.0573856060451932,0.6609139001100501,0.6347360774944701,0.01,128,mbv2,1e-05,0.2,42,128,0.01,mbv2_bs128_lr1e-2_wd_1e-5_dp_2e-1_seed_42,/content/drive/MyDrive/weight_decay_experiments/mbv2_bs128_lr1e-2_wd_1e-5_dp_2e-1_seed_42
10,0.8950637656158871,0.9463397764841716,0.6935325077779558,0.6669647413667874,0.01,128,mbv2,1e-05,0.2,42,128,0.01,mbv2_bs128_lr1e-2_wd_1e-5_dp_2e-1_seed_42,/content/drive/MyDrive/weight_decay_experiments/mbv2_bs128_lr1e-2_wd_1e-5_dp_2e-1_seed_42
11,0.8664589999940661,0.927737048096127,0.6984523498015138,0.6659241258455194,0.01,128,mbv2,1e-05,0.2,42,128,0.01,mbv2_bs128_lr1e-2_wd_1e-5_dp_2e-1_seed_42,/content/drive/MyDrive/weight_decay_experiments/mbv2_bs128_lr1e-2_wd_1e-5_dp_2e-1_seed_42
12,0.8437556845135159,0.8974933378643459,0.7071864578544391,0.6754906024834207,0.01,128,mbv2,1e-05,0.2,42,128,0.01,mbv2_bs128_lr1e-2_wd_1e-5_dp_2e-1_seed_42,/content/drive/MyDrive/weight_decay_experiments/mbv2_bs128_lr1e-2_wd_1e-5_dp_2e-1_seed_42
13,0.8255236470540365,1.0115660690413582,0.6736061359855412,0.643241572620958,0.01,128,mbv2,1e-05,0.2,42,128,0.01,mbv2_bs128_lr1e-2_wd_1e-5_dp_2e-1_seed_42,/content/drive/MyDrive/weight_decay_experiments/mbv2_bs128_lr1e-2_wd_1e-5_dp_2e-1_seed_42
14,0.8058607540130616,0.8638329295688205,0.7306436907827417,0.6915989460375541,0.01,128,mbv2,1e-05,0.2,42,128,0.01,mbv2_bs128_lr1e-2_wd_1e-5_dp_2e-1_seed_42,/content/drive/MyDrive/weight_decay_experiments/mbv2_bs128_lr1e-2_wd_1e-5_dp_2e-1_seed_42
15,0.7910318618986342,0.8840842769410875,0.7234986323844298,0.6868217803140544,0.01,128,mbv2,1e-05,0.2,42,128,0.01,mbv2_bs128_lr1e-2_wd_1e-5_dp_2e-1_seed_42,/content/drive/MyDrive/weight_decay_experiments/mbv2_bs128_lr1e-2_wd_1e-5_dp_2e-1_seed_42
16,0.7803264820522732,0.8455149370087518,0.7396691551604431,0.6977852506909425,0.01,128,mbv2,1e-05,0.2,42,128,0.01,mbv2_bs128_lr1e-2_wd_1e-5_dp_2e-1_seed_42,/content/drive/MyDrive/weight_decay_experiments/mbv2_bs128_lr1e-2_wd_1e-5_dp_2e-1_seed_42
17,0.7671908727010092,0.831040663348304,0.7428327367861783,0.7013017513783625,0.01,128,mbv2,1e-05,0.2,42,128,0.01,mbv2_bs128_lr1e-2_wd_1e-5_dp_2e-1_seed_42,/content/drive/MyDrive/weight_decay_experiments/mbv2_bs128_lr1e-2_wd_1e-5_dp_2e-1_seed_42
18,0.7562263854238722,0.8956933177418179,0.7167509186640098,0.6770805672750801,0.01,128,mbv2,1e-05,0.2,42,128,0.01,mbv2_bs128_lr1e-2_wd_1e-5_dp_2e-1_seed_42,/content/drive/MyDrive/weight_decay_experiments/mbv2_bs128_lr1e-2_wd_1e-5_dp_2e-1_seed_42
19,0.7452589810901218,0.858733060476515,0.7355315474996669,0.6932815940346545,0.01,128,mbv2,1e-05,0.2,42,128,0.01,mbv2_bs128_lr1e-2_wd_1e-5_dp_2e-1_seed_42,/content/drive/MyDrive/weight_decay_experiments/mbv2_bs128_lr1e-2_wd_1e-5_dp_2e-1_seed_42
20,0.7399210996203952,0.8428971440315246,0.7462122646231502,0.7028094774144468,0.01,128,mbv2,1e-05,0.2,42,128,0.01,mbv2_bs128_lr1e-2_wd_1e-5_dp_2e-1_seed_42,/content/drive/MyDrive/weight_decay_experiments/mbv2_bs128_lr1e-2_wd_1e-5_dp_2e-1_seed_42
21,0.7295859075334337,0.84052418929206,0.7488789398680065,0.702929114666125,0.01,128,mbv2,1e-05,0.2,42,128,0.01,mbv2_bs128_lr1e-2_wd_1e-5_dp_2e-1_seed_42,/content/drive/MyDrive/weight_decay_experiments/mbv2_bs128_lr1e-2_wd_1e-5_dp_2e-1_seed_42
22,0.7189785633087158,0.8507713458855947,0.7459615591900296,0.7003520690951595,0.01,128,mbv2,1e-05,0.2,42,128,0.01,mbv2_bs128_lr1e-2_wd_1e-5_dp_2e-1_seed_42,/content/drive/MyDrive/weight_decay_experiments/mbv2_bs128_lr1e-2_wd_1e-5_dp_2e-1_seed_42
23,0.7074134956359863,0.8442539899084303,0.7481411184507019,0.698839748073367,0.01,128,mbv2,1e-05,0.2,42,128,0.01,mbv2_bs128_lr1e-2_wd_1e-5_dp_2e-1_seed_42,/content/drive/MyDrive/weight_decay_experiments/mbv2_bs128_lr1e-2_wd_1e-5_dp_2e-1_seed_42
24,0.7039067865159776,0.7945681273990207,0.7753150249015495,0.7230591808937792,0.01,128,mbv2,1e-05,0.2,42,128,0.01,mbv2_bs128_lr1e-2_wd_1e-5_dp_2e-1_seed_42,/content/drive/MyDrive/weight_decay_experiments/mbv2_bs128_lr1e-2_wd_1e-5_dp_2e-1_seed_42
25,0.6940809624565972,0.8244341244167752,0.7598440296020956,0.7098913356027146,0.01,128,mbv2,1e-05,0.2,42,128,0.01,mbv2_bs128_lr1e-2_wd_1e-5_dp_2e-1_seed_42,/content/drive/MyDrive/weight_decay_experiments/mbv2_bs128_lr1e-2_wd_1e-5_dp_2e-1_seed_42
0,1.771641385904948,1.560236683675978,0.3788684746992047,0.3745269787281423,0.01,128,mbv2,1e-05,0.2,7,128,0.01,mbv2_bs128_lr1e-2_wd_1e-5_dp_2e-1_seed_7,/content/drive/MyDrive/weight_decay_experiments/mbv2_bs128_lr1e-2_wd_1e-5_dp_2e-1_seed_7
1,1.3922254693773055,1.4152312532848783,0.490145350096302,0.4807879249121152,0.01,128,mbv2,1e-05,0.2,7,128,0.01,mbv2_bs128_lr1e-2_wd_1e-5_dp_2e-1_seed_7,/content/drive/MyDrive/weight_decay_experiments/mbv2_bs128_lr1e-2_wd_1e-5_dp_2e-1_seed_7
2,1.2382118034362792,1.2354781852722168,0.5687097501074537,0.5546988010353704,0.01,128,mbv2,1e-05,0.2,7,128,0.01,mbv2_bs128_lr1e-2_wd_1e-5_dp_2e-1_seed_7,/content/drive/MyDrive/weight_decay_experiments/mbv2_bs128_lr1e-2_wd_1e-5_dp_2e-1_seed_7
3,1.1518955730756124,1.1789535306082832,0.5929083891379797,0.5745113705206083,0.01,128,mbv2,1e-05,0.2,7,128,0.01,mbv2_bs128_lr1e-2_wd_1e-5_dp_2e-1_seed_7,/content/drive/MyDrive/weight_decay_experiments/mbv2_bs128_lr1e-2_wd_1e-5_dp_2e-1_seed_7
4,1.0790036092970106,1.1132415404001872,0.6077561626107074,0.5883716746875178,0.01,128,mbv2,1e-05,0.2,7,128,0.01,mbv2_bs128_lr1e-2_wd_1e-5_dp_2e-1_seed_7,/content/drive/MyDrive/weight_decay_experiments/mbv2_bs128_lr1e-2_wd_1e-5_dp_2e-1_seed_7
5,1.0276736283620198,1.1264964012145997,0.6197528183344039,0.600058450763728,0.01,128,mbv2,1e-05,0.2,7,128,0.01,mbv2_bs128_lr1e-2_wd_1e-5_dp_2e-1_seed_7,/content/drive/MyDrive/weight_decay_experiments/mbv2_bs128_lr1e-2_wd_1e-5_dp_2e-1_seed_7
6,0.9885311475118002,1.0788872355090249,0.6282036539532325,0.6055640844995601,0.01,128,mbv2,1e-05,0.2,7,128,0.01,mbv2_bs128_lr1e-2_wd_1e-5_dp_2e-1_seed_7,/content/drive/MyDrive/weight_decay_experiments/mbv2_bs128_lr1e-2_wd_1e-5_dp_2e-1_seed_7
7,0.9479752620061238,1.0077517588085598,0.6569416989297528,0.6319753095024958,0.01,128,mbv2,1e-05,0.2,7,128,0.01,mbv2_bs128_lr1e-2_wd_1e-5_dp_2e-1_seed_7,/content/drive/MyDrive/weight_decay_experiments/mbv2_bs128_lr1e-2_wd_1e-5_dp_2e-1_seed_7
8,0.9141368622673882,1.1284576136271158,0.6483871084699827,0.6247199482621286,0.01,128,mbv2,1e-05,0.2,7,128,0.01,mbv2_bs128_lr1e-2_wd_1e-5_dp_2e-1_seed_7,/content/drive/MyDrive/weight_decay_experiments/mbv2_bs128_lr1e-2_wd_1e-5_dp_2e-1_seed_7
9,0.8845330406294929,1.0101552655325996,0.6621943208588418,0.6359547505815497,0.01,128,mbv2,1e-05,0.2,7,128,0.01,mbv2_bs128_lr1e-2_wd_1e-5_dp_2e-1_seed_7,/content/drive/MyDrive/weight_decay_experiments/mbv2_bs128_lr1e-2_wd_1e-5_dp_2e-1_seed_7
10,0.8546154158062405,0.903968253601922,0.7121552130218285,0.6792223234850201,0.01,128,mbv2,1e-05,0.2,7,128,0.01,mbv2_bs128_lr1e-2_wd_1e-5_dp_2e-1_seed_7,/content/drive/MyDrive/weight_decay_experiments/mbv2_bs128_lr1e-2_wd_1e-5_dp_2e-1_seed_7
11,0.8411487024731106,0.9195613296137916,0.7001154950397591,0.6707075337302117,0.01,128,mbv2,1e-05,0.2,7,128,0.01,mbv2_bs128_lr1e-2_wd_1e-5_dp_2e-1_seed_7,/content/drive/MyDrive/weight_decay_experiments/mbv2_bs128_lr1e-2_wd_1e-5_dp_2e-1_seed_7
12,0.8178079365942214,0.9301320181740654,0.6858044525810335,0.6554390482694795,0.01,128,mbv2,1e-05,0.2,7,128,0.01,mbv2_bs128_lr1e-2_wd_1e-5_dp_2e-1_seed_7,/content/drive/MyDrive/weight_decay_experiments/mbv2_bs128_lr1e-2_wd_1e-5_dp_2e-1_seed_7
13,0.7995716313256158,0.8571411168204414,0.7289729687861308,0.6917949759117725,0.01,128,mbv2,1e-05,0.2,7,128,0.01,mbv2_bs128_lr1e-2_wd_1e-5_dp_2e-1_seed_7,/content/drive/MyDrive/weight_decay_experiments/mbv2_bs128_lr1e-2_wd_1e-5_dp_2e-1_seed_7
14,0.7908884625964695,0.8448889607323541,0.7429802413732954,0.7025900180134111,0.01,128,mbv2,1e-05,0.2,7,128,0.01,mbv2_bs128_lr1e-2_wd_1e-5_dp_2e-1_seed_7,/content/drive/MyDrive/weight_decay_experiments/mbv2_bs128_lr1e-2_wd_1e-5_dp_2e-1_seed_7
15,0.7727125880347357,0.9028125938892364,0.720103613704292,0.6787857031115074,0.01,128,mbv2,1e-05,0.2,7,128,0.01,mbv2_bs128_lr1e-2_wd_1e-5_dp_2e-1_seed_7,/content/drive/MyDrive/weight_decay_experiments/mbv2_bs128_lr1e-2_wd_1e-5_dp_2e-1_seed_7
16,0.759358589638604,0.8612779403898451,0.7389239772469759,0.694927421122881,0.01,128,mbv2,1e-05,0.2,7,128,0.01,mbv2_bs128_lr1e-2_wd_1e-5_dp_2e-1_seed_7,/content/drive/MyDrive/weight_decay_experiments/mbv2_bs128_lr1e-2_wd_1e-5_dp_2e-1_seed_7
17,0.7563047941419814,0.8402641085836623,0.7480503029949774,0.7037185241609991,0.01,128,mbv2,1e-05,0.2,7,128,0.01,mbv2_bs128_lr1e-2_wd_1e-5_dp_2e-1_seed_7,/content/drive/MyDrive/weight_decay_experiments/mbv2_bs128_lr1e-2_wd_1e-5_dp_2e-1_seed_7
18,0.7395410391277737,0.907654456893603,0.7159283103856204,0.6714130904588742,0.01,128,mbv2,1e-05,0.2,7,128,0.01,mbv2_bs128_lr1e-2_wd_1e-5_dp_2e-1_seed_7,/content/drive/MyDrive/weight_decay_experiments/mbv2_bs128_lr1e-2_wd_1e-5_dp_2e-1_seed_7
19,0.730046907043457,0.8328010140313042,0.7555505003458387,0.7098322045758297,0.01,128,mbv2,1e-05,0.2,7,128,0.01,mbv2_bs128_lr1e-2_wd_1e-5_dp_2e-1_seed_7,/content/drive/MyDrive/weight_decay_experiments/mbv2_bs128_lr1e-2_wd_1e-5_dp_2e-1_seed_7
20,0.727389359442393,0.8321434555159675,0.7570289625697489,0.7093497555859256,0.01,128,mbv2,1e-05,0.2,7,128,0.01,mbv2_bs128_lr1e-2_wd_1e-5_dp_2e-1_seed_7,/content/drive/MyDrive/weight_decay_experiments/mbv2_bs128_lr1e-2_wd_1e-5_dp_2e-1_seed_7
21,0.7155160145017836,0.8635225439389547,0.7482513702294902,0.7025129208283896,0.01,128,mbv2,1e-05,0.2,7,128,0.01,mbv2_bs128_lr1e-2_wd_1e-5_dp_2e-1_seed_7,/content/drive/MyDrive/weight_decay_experiments/mbv2_bs128_lr1e-2_wd_1e-5_dp_2e-1_seed_7
22,0.7109970193227132,0.8743766890207927,0.7438958744921547,0.6969944982467242,0.01,128,mbv2,1e-05,0.2,7,128,0.01,mbv2_bs128_lr1e-2_wd_1e-5_dp_2e-1_seed_7,/content/drive/MyDrive/weight_decay_experiments/mbv2_bs128_lr1e-2_wd_1e-5_dp_2e-1_seed_7
23,0.7007170635223389,0.8627857474221123,0.7548561714182962,0.7060466030999545,0.01,128,mbv2,1e-05,0.2,7,128,0.01,mbv2_bs128_lr1e-2_wd_1e-5_dp_2e-1_seed_7,/content/drive/MyDrive/weight_decay_experiments/mbv2_bs128_lr1e-2_wd_1e-5_dp_2e-1_seed_7
24,0.6988415154774984,0.8042500603781806,0.7681539065660103,0.7152629047731862,0.01,128,mbv2,1e-05,0.2,7,128,0.01,mbv2_bs128_lr1e-2_wd_1e-5_dp_2e-1_seed_7,/content/drive/MyDrive/weight_decay_experiments/mbv2_bs128_lr1e-2_wd_1e-5_dp_2e-1_seed_7
25,0.6907293465190464,0.8313857312043508,0.757411281279124,0.7061548370532991,0.01,128,mbv2,1e-05,0.2,7,128,0.01,mbv2_bs128_lr1e-2_wd_1e-5_dp_2e-1_seed_7,/content/drive/MyDrive/weight_decay_experiments/mbv2_bs128_lr1e-2_wd_1e-5_dp_2e-1_seed_7
0,1.773422519408332,1.5945220020082262,0.3856017355340163,0.3819673551483568,0.01,128,mbv2,1e-05,0.2,999,128,0.01,mbv2_bs128_lr1e-2_wd_1e-5_dp_2e-1_seed_999,/content/drive/MyDrive/weight_decay_experiments/mbv2_bs128_lr1e-2_wd_1e-5_dp_2e-1_seed_999
1,1.3865974063449436,1.500305379655626,0.4440011834207874,0.4372092053791109,0.01,128,mbv2,1e-05,0.2,999,128,0.01,mbv2_bs128_lr1e-2_wd_1e-5_dp_2e-1_seed_999,/content/drive/MyDrive/weight_decay_experiments/mbv2_bs128_lr1e-2_wd_1e-5_dp_2e-1_seed_999
2,1.227392331038581,1.3069459046469794,0.5338686509942613,0.5219245249279345,0.01,128,mbv2,1e-05,0.2,999,128,0.01,mbv2_bs128_lr1e-2_wd_1e-5_dp_2e-1_seed_999,/content/drive/MyDrive/weight_decay_experiments/mbv2_bs128_lr1e-2_wd_1e-5_dp_2e-1_seed_999
3,1.1389123053444756,1.1849993710835776,0.5829713832341441,0.5681958094324335,0.01,128,mbv2,1e-05,0.2,999,128,0.01,mbv2_bs128_lr1e-2_wd_1e-5_dp_2e-1_seed_999,/content/drive/MyDrive/weight_decay_experiments/mbv2_bs128_lr1e-2_wd_1e-5_dp_2e-1_seed_999
4,1.072281526459588,1.1061695984840394,0.6193453813331724,0.6036474303829898,0.01,128,mbv2,1e-05,0.2,999,128,0.01,mbv2_bs128_lr1e-2_wd_1e-5_dp_2e-1_seed_999,/content/drive/MyDrive/weight_decay_experiments/mbv2_bs128_lr1e-2_wd_1e-5_dp_2e-1_seed_999
5,1.023042752541436,1.059098252836863,0.644146336190121,0.6239790995132297,0.01,128,mbv2,1e-05,0.2,999,128,0.01,mbv2_bs128_lr1e-2_wd_1e-5_dp_2e-1_seed_999,/content/drive/MyDrive/weight_decay_experiments/mbv2_bs128_lr1e-2_wd_1e-5_dp_2e-1_seed_999
6,0.97900461608039,1.0133831306775412,0.6601097061133416,0.6385357050699791,0.01,128,mbv2,1e-05,0.2,999,128,0.01,mbv2_bs128_lr1e-2_wd_1e-5_dp_2e-1_seed_999,/content/drive/MyDrive/weight_decay_experiments/mbv2_bs128_lr1e-2_wd_1e-5_dp_2e-1_seed_999
7,0.9449376237975228,0.9917408435556624,0.6708856961961964,0.6425733609054723,0.01,128,mbv2,1e-05,0.2,999,128,0.01,mbv2_bs128_lr1e-2_wd_1e-5_dp_2e-1_seed_999,/content/drive/MyDrive/weight_decay_experiments/mbv2_bs128_lr1e-2_wd_1e-5_dp_2e-1_seed_999
8,0.9092140599568684,1.0679390823099348,0.6467598033902622,0.623511558967348,0.01,128,mbv2,1e-05,0.2,999,128,0.01,mbv2_bs128_lr1e-2_wd_1e-5_dp_2e-1_seed_999,/content/drive/MyDrive/weight_decay_experiments/mbv2_bs128_lr1e-2_wd_1e-5_dp_2e-1_seed_999
9,0.8879962253146702,0.9225525816493564,0.6974323473805802,0.6684312586787095,0.01,128,mbv2,1e-05,0.2,999,128,0.01,mbv2_bs128_lr1e-2_wd_1e-5_dp_2e-1_seed_999,/content/drive/MyDrive/weight_decay_experiments/mbv2_bs128_lr1e-2_wd_1e-5_dp_2e-1_seed_999
10,0.8601554315355089,0.9420951905356512,0.7017300945647644,0.6694005224064787,0.01,128,mbv2,1e-05,0.2,999,128,0.01,mbv2_bs128_lr1e-2_wd_1e-5_dp_2e-1_seed_999,/content/drive/MyDrive/weight_decay_experiments/mbv2_bs128_lr1e-2_wd_1e-5_dp_2e-1_seed_999
11,0.8359964454650879,0.9432195168071325,0.6931016403863255,0.6585866745037201,0.01,128,mbv2,1e-05,0.2,999,128,0.01,mbv2_bs128_lr1e-2_wd_1e-5_dp_2e-1_seed_999,/content/drive/MyDrive/weight_decay_experiments/mbv2_bs128_lr1e-2_wd_1e-5_dp_2e-1_seed_999
12,0.819691499625312,0.8693261858410305,0.7339511173526219,0.6949194107401715,0.01,128,mbv2,1e-05,0.2,999,128,0.01,mbv2_bs128_lr1e-2_wd_1e-5_dp_2e-1_seed_999,/content/drive/MyDrive/weight_decay_experiments/mbv2_bs128_lr1e-2_wd_1e-5_dp_2e-1_seed_999
13,0.80378383486006,0.844932327885098,0.7385537028599668,0.6976540125661089,0.01,128,mbv2,1e-05,0.2,999,128,0.01,mbv2_bs128_lr1e-2_wd_1e-5_dp_2e-1_seed_999,/content/drive/MyDrive/weight_decay_experiments/mbv2_bs128_lr1e-2_wd_1e-5_dp_2e-1_seed_999
14,0.787993705060747,0.9074216180165608,0.7152072079323741,0.6786447971909609,0.01,128,mbv2,1e-05,0.2,999,128,0.01,mbv2_bs128_lr1e-2_wd_1e-5_dp_2e-1_seed_999,/content/drive/MyDrive/weight_decay_experiments/mbv2_bs128_lr1e-2_wd_1e-5_dp_2e-1_seed_999
15,0.7778731790754531,0.9111434540695614,0.7106574786145112,0.6756419918328438,0.01,128,mbv2,1e-05,0.2,999,128,0.01,mbv2_bs128_lr1e-2_wd_1e-5_dp_2e-1_seed_999,/content/drive/MyDrive/weight_decay_experiments/mbv2_bs128_lr1e-2_wd_1e-5_dp_2e-1_seed_999
16,0.7673994426727295,0.8466649677912395,0.7474429074682616,0.7043276825872598,0.01,128,mbv2,1e-05,0.2,999,128,0.01,mbv2_bs128_lr1e-2_wd_1e-5_dp_2e-1_seed_999,/content/drive/MyDrive/weight_decay_experiments/mbv2_bs128_lr1e-2_wd_1e-5_dp_2e-1_seed_999
17,0.7499113558981154,0.9046351068284776,0.7282843711904943,0.6858606912681119,0.01,128,mbv2,1e-05,0.2,999,128,0.01,mbv2_bs128_lr1e-2_wd_1e-5_dp_2e-1_seed_999,/content/drive/MyDrive/weight_decay_experiments/mbv2_bs128_lr1e-2_wd_1e-5_dp_2e-1_seed_999
18,0.7424639476988051,0.8635380855136447,0.7394986635048786,0.6964531649643287,0.01,128,mbv2,1e-05,0.2,999,128,0.01,mbv2_bs128_lr1e-2_wd_1e-5_dp_2e-1_seed_999,/content/drive/MyDrive/weight_decay_experiments/mbv2_bs128_lr1e-2_wd_1e-5_dp_2e-1_seed_999
19,0.7289597807036505,1.6919041586769952,0.499629972270438,0.4784247963320531,0.01,128,mbv2,1e-05,0.2,999,128,0.01,mbv2_bs128_lr1e-2_wd_1e-5_dp_2e-1_seed_999,/content/drive/MyDrive/weight_decay_experiments/mbv2_bs128_lr1e-2_wd_1e-5_dp_2e-1_seed_999
20,0.7259626079241435,0.8603185070885553,0.7384651129804392,0.6930794626867035,0.01,128,mbv2,1e-05,0.2,999,128,0.01,mbv2_bs128_lr1e-2_wd_1e-5_dp_2e-1_seed_999,/content/drive/MyDrive/weight_decay_experiments/mbv2_bs128_lr1e-2_wd_1e-5_dp_2e-1_seed_999
21,0.7159105346891615,8.823931700091892,0.0708952713826145,0.0693624076075495,0.01,128,mbv2,1e-05,0.2,999,128,0.01,mbv2_bs128_lr1e-2_wd_1e-5_dp_2e-1_seed_999,/content/drive/MyDrive/weight_decay_experiments/mbv2_bs128_lr1e-2_wd_1e-5_dp_2e-1_seed_999
22,0.7112713365607791,0.8327521966298421,0.7607107831908874,0.7092711471107439,0.01,128,mbv2,1e-05,0.2,999,128,0.01,mbv2_bs128_lr1e-2_wd_1e-5_dp_2e-1_seed_999,/content/drive/MyDrive/weight_decay_experiments/mbv2_bs128_lr1e-2_wd_1e-5_dp_2e-1_seed_999
23,0.6989809789445666,0.8139637143241034,0.7677368991209488,0.7149880348180369,0.01,128,mbv2,1e-05,0.2,999,128,0.01,mbv2_bs128_lr1e-2_wd_1e-5_dp_2e-1_seed_999,/content/drive/MyDrive/weight_decay_experiments/mbv2_bs128_lr1e-2_wd_1e-5_dp_2e-1_seed_999
24,0.6923348512013753,0.8285617651833428,0.7619039906053827,0.7100800862469485,0.01,128,mbv2,1e-05,0.2,999,128,0.01,mbv2_bs128_lr1e-2_wd_1e-5_dp_2e-1_seed_999,/content/drive/MyDrive/weight_decay_experiments/mbv2_bs128_lr1e-2_wd_1e-5_dp_2e-1_seed_999
25,0.6916959740744697,0.8478208925353157,0.7557395469742423,0.7034548733150946,0.01,128,mbv2,1e-05,0.2,999,128,0.01,mbv2_bs128_lr1e-2_wd_1e-5_dp_2e-1_seed_999,/content/drive/MyDrive/weight_decay_experiments/mbv2_bs128_lr1e-2_wd_1e-5_dp_2e-1_seed_999
