epoch,train_loss,val_loss,train_f1_macro,val_f1_macro,lr,batch_size,arch,seed,run_name,run_dir,aug
0,1.6578441059536404,1.5520593934694926,0.4461986616836218,0.4286083933399669,0.01,128,mbv2_blur,123,mbv2_blur_seed_123,C:\Users\jakub\Documents\Magisterskie\DeepLearning\mobilenet\experiments\augmentation_first_part\experiments\mbv2_blur_seed_123,
1,1.2633127896838718,1.1340566944758097,0.5851183664720387,0.5772997636335685,0.01,128,mbv2_blur,123,mbv2_blur_seed_123,C:\Users\jakub\Documents\Magisterskie\DeepLearning\mobilenet\experiments\augmentation_first_part\experiments\mbv2_blur_seed_123,
2,1.0855960892147487,1.0471240221235487,0.6428960768113757,0.626304833592053,0.01,128,mbv2_blur,123,mbv2_blur_seed_123,C:\Users\jakub\Documents\Magisterskie\DeepLearning\mobilenet\experiments\augmentation_first_part\experiments\mbv2_blur_seed_123,
3,0.9737650858985052,0.9839433105680676,0.657979305745864,0.6416223839213855,0.01,128,mbv2_blur,123,mbv2_blur_seed_123,C:\Users\jakub\Documents\Magisterskie\DeepLearning\mobilenet\experiments\augmentation_first_part\experiments\mbv2_blur_seed_123,
4,0.890802873272366,0.95251771118376,0.6870060186790108,0.6571174133220038,0.01,128,mbv2_blur,123,mbv2_blur_seed_123,C:\Users\jakub\Documents\Magisterskie\DeepLearning\mobilenet\experiments\augmentation_first_part\experiments\mbv2_blur_seed_123,
5,0.8242599815368652,0.9002783209535811,0.7126888261739756,0.6818559541739482,0.01,128,mbv2_blur,123,mbv2_blur_seed_123,C:\Users\jakub\Documents\Magisterskie\DeepLearning\mobilenet\experiments\augmentation_first_part\experiments\mbv2_blur_seed_123,
6,0.7717140583992005,0.8461601708571116,0.7433063075702767,0.6988452012400528,0.01,128,mbv2_blur,123,mbv2_blur_seed_123,C:\Users\jakub\Documents\Magisterskie\DeepLearning\mobilenet\experiments\augmentation_first_part\experiments\mbv2_blur_seed_123,
7,0.7246869418674046,0.8303841458850437,0.7509559557046647,0.7009804025197952,0.01,128,mbv2_blur,123,mbv2_blur_seed_123,C:\Users\jakub\Documents\Magisterskie\DeepLearning\mobilenet\experiments\augmentation_first_part\experiments\mbv2_blur_seed_123,
8,0.6820360719309913,0.8038588769806756,0.7781537122125849,0.7159906259127219,0.01,128,mbv2_blur,123,mbv2_blur_seed_123,C:\Users\jakub\Documents\Magisterskie\DeepLearning\mobilenet\experiments\augmentation_first_part\experiments\mbv2_blur_seed_123,
9,0.644047051858902,0.8182124163203769,0.7912378529724788,0.7188243586757925,0.01,128,mbv2_blur,123,mbv2_blur_seed_123,C:\Users\jakub\Documents\Magisterskie\DeepLearning\mobilenet\experiments\augmentation_first_part\experiments\mbv2_blur_seed_123,
10,0.6093059777047899,0.8418595330344306,0.7945644120442621,0.7126540343054734,0.01,128,mbv2_blur,123,mbv2_blur_seed_123,C:\Users\jakub\Documents\Magisterskie\DeepLearning\mobilenet\experiments\augmentation_first_part\experiments\mbv2_blur_seed_123,
11,0.5749392646259732,0.8883251634703743,0.7976396858217569,0.7117536771303715,0.01,128,mbv2_blur,123,mbv2_blur_seed_123,C:\Users\jakub\Documents\Magisterskie\DeepLearning\mobilenet\experiments\augmentation_first_part\experiments\mbv2_blur_seed_123,
12,0.5474813710106744,0.8652029891279008,0.8114082860124275,0.71344075467715,0.01,128,mbv2_blur,123,mbv2_blur_seed_123,C:\Users\jakub\Documents\Magisterskie\DeepLearning\mobilenet\experiments\augmentation_first_part\experiments\mbv2_blur_seed_123,
13,0.5192537675221761,0.8223739226606157,0.840874011799525,0.7242048542533487,0.01,128,mbv2_blur,123,mbv2_blur_seed_123,C:\Users\jakub\Documents\Magisterskie\DeepLearning\mobilenet\experiments\augmentation_first_part\experiments\mbv2_blur_seed_123,
14,0.4934479369057549,0.8453072325282627,0.8483933004386748,0.7243746365515381,0.01,128,mbv2_blur,123,mbv2_blur_seed_123,C:\Users\jakub\Documents\Magisterskie\DeepLearning\mobilenet\experiments\augmentation_first_part\experiments\mbv2_blur_seed_123,
15,0.4685634886635674,0.8603827271170086,0.8583202811681598,0.7222266102239823,0.01,128,mbv2_blur,123,mbv2_blur_seed_123,C:\Users\jakub\Documents\Magisterskie\DeepLearning\mobilenet\experiments\augmentation_first_part\experiments\mbv2_blur_seed_123,
16,0.4429699580298529,0.881407826757431,0.859746858660683,0.7157460160399184,0.01,128,mbv2_blur,123,mbv2_blur_seed_123,C:\Users\jakub\Documents\Magisterskie\DeepLearning\mobilenet\experiments\augmentation_first_part\experiments\mbv2_blur_seed_123,
17,0.4240663342899746,0.8915717381742265,0.8689519481682906,0.7156982536236709,0.01,128,mbv2_blur,123,mbv2_blur_seed_123,C:\Users\jakub\Documents\Magisterskie\DeepLearning\mobilenet\experiments\augmentation_first_part\experiments\mbv2_blur_seed_123,
18,0.4014639913029141,0.9341487332238092,0.871093715934728,0.7195682649442654,0.01,128,mbv2_blur,123,mbv2_blur_seed_123,C:\Users\jakub\Documents\Magisterskie\DeepLearning\mobilenet\experiments\augmentation_first_part\experiments\mbv2_blur_seed_123,
19,0.3814185940265655,0.936765184296502,0.8887956421873214,0.7237011325374066,0.01,128,mbv2_blur,123,mbv2_blur_seed_123,C:\Users\jakub\Documents\Magisterskie\DeepLearning\mobilenet\experiments\augmentation_first_part\experiments\mbv2_blur_seed_123,
20,0.3641628935496012,0.955640552075704,0.8956354163692835,0.7223530237360599,0.01,128,mbv2_blur,123,mbv2_blur_seed_123,C:\Users\jakub\Documents\Magisterskie\DeepLearning\mobilenet\experiments\augmentation_first_part\experiments\mbv2_blur_seed_123,
21,0.3455999134540558,0.9581455465952556,0.8915812127780024,0.718227777416908,0.01,128,mbv2_blur,123,mbv2_blur_seed_123,C:\Users\jakub\Documents\Magisterskie\DeepLearning\mobilenet\experiments\augmentation_first_part\experiments\mbv2_blur_seed_123,
22,0.3323927939097086,1.0046695255173577,0.8992946574070155,0.7173899596573243,0.01,128,mbv2_blur,123,mbv2_blur_seed_123,C:\Users\jakub\Documents\Magisterskie\DeepLearning\mobilenet\experiments\augmentation_first_part\experiments\mbv2_blur_seed_123,
23,0.3147779442999098,1.0166103076616924,0.9054866141831543,0.7215707608296462,0.01,128,mbv2_blur,123,mbv2_blur_seed_123,C:\Users\jakub\Documents\Magisterskie\DeepLearning\mobilenet\experiments\augmentation_first_part\experiments\mbv2_blur_seed_123,
24,0.3034731245305803,0.9900347960154215,0.9142869622499196,0.7211946923848097,0.01,128,mbv2_blur,123,mbv2_blur_seed_123,C:\Users\jakub\Documents\Magisterskie\DeepLearning\mobilenet\experiments\augmentation_first_part\experiments\mbv2_blur_seed_123,
25,0.2880333744790819,1.0411777046203614,0.9201300765099172,0.7190902925197078,0.01,128,mbv2_blur,123,mbv2_blur_seed_123,C:\Users\jakub\Documents\Magisterskie\DeepLearning\mobilenet\experiments\augmentation_first_part\experiments\mbv2_blur_seed_123,
0,1.6489863078859115,1.4156037011994256,0.4965100158374101,0.4815150433573748,0.01,128,mbv2_blur,2024,mbv2_blur_seed_2024,C:\Users\jakub\Documents\Magisterskie\DeepLearning\mobilenet\experiments\augmentation_first_part\experiments\mbv2_blur_seed_2024,
1,1.2316019257863362,1.195488095357683,0.5787005793111475,0.5683516330687668,0.01,128,mbv2_blur,2024,mbv2_blur_seed_2024,C:\Users\jakub\Documents\Magisterskie\DeepLearning\mobilenet\experiments\augmentation_first_part\experiments\mbv2_blur_seed_2024,
2,1.070698007774353,1.0398391748163436,0.6305049714202844,0.6169472211830531,0.01,128,mbv2_blur,2024,mbv2_blur_seed_2024,C:\Users\jakub\Documents\Magisterskie\DeepLearning\mobilenet\experiments\augmentation_first_part\experiments\mbv2_blur_seed_2024,
3,0.9623652439117432,0.9853369517697228,0.6688712709576446,0.6497068001948556,0.01,128,mbv2_blur,2024,mbv2_blur_seed_2024,C:\Users\jakub\Documents\Magisterskie\DeepLearning\mobilenet\experiments\augmentation_first_part\experiments\mbv2_blur_seed_2024,
4,0.8849033079041375,0.8871910481505924,0.7120944236763382,0.6837948663705408,0.01,128,mbv2_blur,2024,mbv2_blur_seed_2024,C:\Users\jakub\Documents\Magisterskie\DeepLearning\mobilenet\experiments\augmentation_first_part\experiments\mbv2_blur_seed_2024,
5,0.822873378806644,0.9248312612321642,0.7121209268941833,0.6792070048277374,0.01,128,mbv2_blur,2024,mbv2_blur_seed_2024,C:\Users\jakub\Documents\Magisterskie\DeepLearning\mobilenet\experiments\augmentation_first_part\experiments\mbv2_blur_seed_2024,
6,0.7727907225290934,0.8640480031119453,0.7410410903241912,0.6982166217017995,0.01,128,mbv2_blur,2024,mbv2_blur_seed_2024,C:\Users\jakub\Documents\Magisterskie\DeepLearning\mobilenet\experiments\augmentation_first_part\experiments\mbv2_blur_seed_2024,
7,0.7232001842604743,0.8394533506605361,0.7577978352406478,0.7044926602863414,0.01,128,mbv2_blur,2024,mbv2_blur_seed_2024,C:\Users\jakub\Documents\Magisterskie\DeepLearning\mobilenet\experiments\augmentation_first_part\experiments\mbv2_blur_seed_2024,
8,0.6813389802296956,0.8087236935244666,0.7840958017333646,0.7164456576133014,0.01,128,mbv2_blur,2024,mbv2_blur_seed_2024,C:\Users\jakub\Documents\Magisterskie\DeepLearning\mobilenet\experiments\augmentation_first_part\experiments\mbv2_blur_seed_2024,
9,0.6454386753929986,0.8116951795472039,0.7882214618843005,0.7157366276325551,0.01,128,mbv2_blur,2024,mbv2_blur_seed_2024,C:\Users\jakub\Documents\Magisterskie\DeepLearning\mobilenet\experiments\augmentation_first_part\experiments\mbv2_blur_seed_2024,
10,0.6063124290148417,0.8200433603445689,0.8136410843703189,0.7228779224449834,0.01,128,mbv2_blur,2024,mbv2_blur_seed_2024,C:\Users\jakub\Documents\Magisterskie\DeepLearning\mobilenet\experiments\augmentation_first_part\experiments\mbv2_blur_seed_2024,
11,0.5772828191863166,0.8249584109094408,0.8128867639660691,0.7197977475755686,0.01,128,mbv2_blur,2024,mbv2_blur_seed_2024,C:\Users\jakub\Documents\Magisterskie\DeepLearning\mobilenet\experiments\augmentation_first_part\experiments\mbv2_blur_seed_2024,
12,0.5463449116071065,0.8168642973264059,0.8338098590237651,0.7268090292622913,0.01,128,mbv2_blur,2024,mbv2_blur_seed_2024,C:\Users\jakub\Documents\Magisterskie\DeepLearning\mobilenet\experiments\augmentation_first_part\experiments\mbv2_blur_seed_2024,
13,0.5125527746518453,0.8184977855311499,0.8465359695953006,0.7256645018913914,0.01,128,mbv2_blur,2024,mbv2_blur_seed_2024,C:\Users\jakub\Documents\Magisterskie\DeepLearning\mobilenet\experiments\augmentation_first_part\experiments\mbv2_blur_seed_2024,
14,0.4860929179615444,0.861629660987854,0.8440581114580171,0.7240709591696534,0.01,128,mbv2_blur,2024,mbv2_blur_seed_2024,C:\Users\jakub\Documents\Magisterskie\DeepLearning\mobilenet\experiments\augmentation_first_part\experiments\mbv2_blur_seed_2024,
15,0.4638646565013462,0.9026552837954628,0.8386592337155893,0.7121625302476435,0.01,128,mbv2_blur,2024,mbv2_blur_seed_2024,C:\Users\jakub\Documents\Magisterskie\DeepLearning\mobilenet\experiments\augmentation_first_part\experiments\mbv2_blur_seed_2024,
16,0.438025274933709,0.913215545601315,0.8555781933629113,0.7148159143221275,0.01,128,mbv2_blur,2024,mbv2_blur_seed_2024,C:\Users\jakub\Documents\Magisterskie\DeepLearning\mobilenet\experiments\augmentation_first_part\experiments\mbv2_blur_seed_2024,
17,0.4145425602065192,0.920002381600274,0.8692975909079603,0.714493174055411,0.01,128,mbv2_blur,2024,mbv2_blur_seed_2024,C:\Users\jakub\Documents\Magisterskie\DeepLearning\mobilenet\experiments\augmentation_first_part\experiments\mbv2_blur_seed_2024,
18,0.3938934698634677,0.9391656863106622,0.8716779943613432,0.7165236481265753,0.01,128,mbv2_blur,2024,mbv2_blur_seed_2024,C:\Users\jakub\Documents\Magisterskie\DeepLearning\mobilenet\experiments\augmentation_first_part\experiments\mbv2_blur_seed_2024,
19,0.3713447104983859,0.9573137847741444,0.8933940940560218,0.7216472217499496,0.01,128,mbv2_blur,2024,mbv2_blur_seed_2024,C:\Users\jakub\Documents\Magisterskie\DeepLearning\mobilenet\experiments\augmentation_first_part\experiments\mbv2_blur_seed_2024,
20,0.3548546668370564,0.9909994950824312,0.8893688117201737,0.7133683717537863,0.01,128,mbv2_blur,2024,mbv2_blur_seed_2024,C:\Users\jakub\Documents\Magisterskie\DeepLearning\mobilenet\experiments\augmentation_first_part\experiments\mbv2_blur_seed_2024,
21,0.3361554926925235,0.9644147090011173,0.9039350993303056,0.7184501642745699,0.01,128,mbv2_blur,2024,mbv2_blur_seed_2024,C:\Users\jakub\Documents\Magisterskie\DeepLearning\mobilenet\experiments\augmentation_first_part\experiments\mbv2_blur_seed_2024,
22,0.3207344074355231,0.995477620707618,0.8992098930396878,0.7153212779860368,0.01,128,mbv2_blur,2024,mbv2_blur_seed_2024,C:\Users\jakub\Documents\Magisterskie\DeepLearning\mobilenet\experiments\augmentation_first_part\experiments\mbv2_blur_seed_2024,
23,0.3061958652019501,1.0582347384770712,0.9035255992584376,0.7133236349018661,0.01,128,mbv2_blur,2024,mbv2_blur_seed_2024,C:\Users\jakub\Documents\Magisterskie\DeepLearning\mobilenet\experiments\augmentation_first_part\experiments\mbv2_blur_seed_2024,
24,0.2917067412323422,1.0222902432547676,0.9200723496334786,0.7156030725196448,0.01,128,mbv2_blur,2024,mbv2_blur_seed_2024,C:\Users\jakub\Documents\Magisterskie\DeepLearning\mobilenet\experiments\augmentation_first_part\experiments\mbv2_blur_seed_2024,
25,0.2791164691289265,1.0759756721708509,0.9116051666612176,0.7143254414032619,0.01,128,mbv2_blur,2024,mbv2_blur_seed_2024,C:\Users\jakub\Documents\Magisterskie\DeepLearning\mobilenet\experiments\augmentation_first_part\experiments\mbv2_blur_seed_2024,
0,1.6043752734714083,1.4078554341422187,0.48119708234792,0.4823383633700257,0.01,128,mbv2_blur,42,mbv2_blur_seed_42,C:\Users\jakub\Documents\Magisterskie\DeepLearning\mobilenet\experiments\augmentation_first_part\experiments\mbv2_blur_seed_42,
1,1.2015286260604858,1.2099064147631329,0.5769222410566568,0.5644695997772251,0.01,128,mbv2_blur,42,mbv2_blur_seed_42,C:\Users\jakub\Documents\Magisterskie\DeepLearning\mobilenet\experiments\augmentation_first_part\experiments\mbv2_blur_seed_42,
2,1.0502994522942437,1.06369158967336,0.6199257681793338,0.6170171774181723,0.01,128,mbv2_blur,42,mbv2_blur_seed_42,C:\Users\jakub\Documents\Magisterskie\DeepLearning\mobilenet\experiments\augmentation_first_part\experiments\mbv2_blur_seed_42,
3,0.9494380690892538,0.9523513608190748,0.6756143480805265,0.6589681925780618,0.01,128,mbv2_blur,42,mbv2_blur_seed_42,C:\Users\jakub\Documents\Magisterskie\DeepLearning\mobilenet\experiments\augmentation_first_part\experiments\mbv2_blur_seed_42,
4,0.8699507878303527,0.9031460367202758,0.7006866102914298,0.6790255795533076,0.01,128,mbv2_blur,42,mbv2_blur_seed_42,C:\Users\jakub\Documents\Magisterskie\DeepLearning\mobilenet\experiments\augmentation_first_part\experiments\mbv2_blur_seed_42,
5,0.8107120217641195,0.9019441963937548,0.7080902554022388,0.6761813371818403,0.01,128,mbv2_blur,42,mbv2_blur_seed_42,C:\Users\jakub\Documents\Magisterskie\DeepLearning\mobilenet\experiments\augmentation_first_part\experiments\mbv2_blur_seed_42,
6,0.7575491309695773,0.8567112141344282,0.7406792516156884,0.696906115042897,0.01,128,mbv2_blur,42,mbv2_blur_seed_42,C:\Users\jakub\Documents\Magisterskie\DeepLearning\mobilenet\experiments\augmentation_first_part\experiments\mbv2_blur_seed_42,
7,0.7158968023088244,0.8375358574443393,0.7601087888318129,0.7050081824998607,0.01,128,mbv2_blur,42,mbv2_blur_seed_42,C:\Users\jakub\Documents\Magisterskie\DeepLearning\mobilenet\experiments\augmentation_first_part\experiments\mbv2_blur_seed_42,
8,0.6726843975490994,0.8052237834612529,0.7773869221318993,0.7131236124919758,0.01,128,mbv2_blur,42,mbv2_blur_seed_42,C:\Users\jakub\Documents\Magisterskie\DeepLearning\mobilenet\experiments\augmentation_first_part\experiments\mbv2_blur_seed_42,
9,0.6357650957531399,0.7978321630795797,0.7971548842807457,0.7202079943735373,0.01,128,mbv2_blur,42,mbv2_blur_seed_42,C:\Users\jakub\Documents\Magisterskie\DeepLearning\mobilenet\experiments\augmentation_first_part\experiments\mbv2_blur_seed_42,
10,0.5996636281119453,0.8109774907800886,0.8132725904136455,0.7220341706227156,0.01,128,mbv2_blur,42,mbv2_blur_seed_42,C:\Users\jakub\Documents\Magisterskie\DeepLearning\mobilenet\experiments\augmentation_first_part\experiments\mbv2_blur_seed_42,
11,0.5683851956791348,0.8127147988637289,0.8187740940750808,0.7225591461808941,0.01,128,mbv2_blur,42,mbv2_blur_seed_42,C:\Users\jakub\Documents\Magisterskie\DeepLearning\mobilenet\experiments\augmentation_first_part\experiments\mbv2_blur_seed_42,
12,0.5389268457306756,0.8507043681144715,0.8174914435841419,0.7142647028763366,0.01,128,mbv2_blur,42,mbv2_blur_seed_42,C:\Users\jakub\Documents\Magisterskie\DeepLearning\mobilenet\experiments\augmentation_first_part\experiments\mbv2_blur_seed_42,
13,0.5115795422289107,0.8268298960314857,0.8375327126099057,0.7216233847875786,0.01,128,mbv2_blur,42,mbv2_blur_seed_42,C:\Users\jakub\Documents\Magisterskie\DeepLearning\mobilenet\experiments\augmentation_first_part\experiments\mbv2_blur_seed_42,
14,0.4858620727009243,0.8190067635006375,0.857132380133011,0.7262129119699774,0.01,128,mbv2_blur,42,mbv2_blur_seed_42,C:\Users\jakub\Documents\Magisterskie\DeepLearning\mobilenet\experiments\augmentation_first_part\experiments\mbv2_blur_seed_42,
15,0.4612622999933031,0.869244884162479,0.8580692317593108,0.7244729675928193,0.01,128,mbv2_blur,42,mbv2_blur_seed_42,C:\Users\jakub\Documents\Magisterskie\DeepLearning\mobilenet\experiments\augmentation_first_part\experiments\mbv2_blur_seed_42,
16,0.4346762292014228,0.8542087049166361,0.870603943530952,0.7265701353937701,0.01,128,mbv2_blur,42,mbv2_blur_seed_42,C:\Users\jakub\Documents\Magisterskie\DeepLearning\mobilenet\experiments\augmentation_first_part\experiments\mbv2_blur_seed_42,
17,0.417448977555169,0.8827004729906718,0.8748382805710071,0.7233557436049476,0.01,128,mbv2_blur,42,mbv2_blur_seed_42,C:\Users\jakub\Documents\Magisterskie\DeepLearning\mobilenet\experiments\augmentation_first_part\experiments\mbv2_blur_seed_42,
18,0.3951417215135362,0.911854856967926,0.8796816950785551,0.7221162640302546,0.01,128,mbv2_blur,42,mbv2_blur_seed_42,C:\Users\jakub\Documents\Magisterskie\DeepLearning\mobilenet\experiments\augmentation_first_part\experiments\mbv2_blur_seed_42,
19,0.3775586599985758,0.9141585610018836,0.8849746311408205,0.7250655613696143,0.01,128,mbv2_blur,42,mbv2_blur_seed_42,C:\Users\jakub\Documents\Magisterskie\DeepLearning\mobilenet\experiments\augmentation_first_part\experiments\mbv2_blur_seed_42,
20,0.35802054110633,0.9561593197822572,0.8838853707218197,0.7162002518506276,0.01,128,mbv2_blur,42,mbv2_blur_seed_42,C:\Users\jakub\Documents\Magisterskie\DeepLearning\mobilenet\experiments\augmentation_first_part\experiments\mbv2_blur_seed_42,
21,0.3427345186975267,1.0000814261012607,0.8964221916781675,0.7195691806266207,0.01,128,mbv2_blur,42,mbv2_blur_seed_42,C:\Users\jakub\Documents\Magisterskie\DeepLearning\mobilenet\experiments\augmentation_first_part\experiments\mbv2_blur_seed_42,
22,0.3257459298239814,0.9649266949971516,0.904839746751463,0.7220951358620523,0.01,128,mbv2_blur,42,mbv2_blur_seed_42,C:\Users\jakub\Documents\Magisterskie\DeepLearning\mobilenet\experiments\augmentation_first_part\experiments\mbv2_blur_seed_42,
23,0.3131502166801029,0.9772449255095588,0.911221625932159,0.7258874888682832,0.01,128,mbv2_blur,42,mbv2_blur_seed_42,C:\Users\jakub\Documents\Magisterskie\DeepLearning\mobilenet\experiments\augmentation_first_part\experiments\mbv2_blur_seed_42,
24,0.3006398529926936,1.0468671365102131,0.904851534648306,0.7129039817234436,0.01,128,mbv2_blur,42,mbv2_blur_seed_42,C:\Users\jakub\Documents\Magisterskie\DeepLearning\mobilenet\experiments\augmentation_first_part\experiments\mbv2_blur_seed_42,
25,0.2866611819850074,1.034468614519967,0.919009574729132,0.7157550767972445,0.01,128,mbv2_blur,42,mbv2_blur_seed_42,C:\Users\jakub\Documents\Magisterskie\DeepLearning\mobilenet\experiments\augmentation_first_part\experiments\mbv2_blur_seed_42,
0,1.6665674948586358,1.4757981691572402,0.4520974151570806,0.4462258337274009,0.01,128,mbv2_blur,7,mbv2_blur_seed_7,C:\Users\jakub\Documents\Magisterskie\DeepLearning\mobilenet\experiments\augmentation_first_part\experiments\mbv2_blur_seed_7,
1,1.2455167118496364,1.1614885995546975,0.5782433575594277,0.569339562381337,0.01,128,mbv2_blur,7,mbv2_blur_seed_7,C:\Users\jakub\Documents\Magisterskie\DeepLearning\mobilenet\experiments\augmentation_first_part\experiments\mbv2_blur_seed_7,
2,1.0778586007859972,1.220966734038459,0.5620791388617278,0.5604565603698872,0.01,128,mbv2_blur,7,mbv2_blur_seed_7,C:\Users\jakub\Documents\Magisterskie\DeepLearning\mobilenet\experiments\augmentation_first_part\experiments\mbv2_blur_seed_7,
3,0.9743839617941116,0.976600471772088,0.6692365690074122,0.6528048923026027,0.01,128,mbv2_blur,7,mbv2_blur_seed_7,C:\Users\jakub\Documents\Magisterskie\DeepLearning\mobilenet\experiments\augmentation_first_part\experiments\mbv2_blur_seed_7,
4,0.8919180900891622,0.8864023369047377,0.7044677292107423,0.6758292200526216,0.01,128,mbv2_blur,7,mbv2_blur_seed_7,C:\Users\jakub\Documents\Magisterskie\DeepLearning\mobilenet\experiments\augmentation_first_part\experiments\mbv2_blur_seed_7,
5,0.8276476374944051,0.8686000850041707,0.724380292244883,0.6861846626984813,0.01,128,mbv2_blur,7,mbv2_blur_seed_7,C:\Users\jakub\Documents\Magisterskie\DeepLearning\mobilenet\experiments\augmentation_first_part\experiments\mbv2_blur_seed_7,
6,0.7749805223570929,0.8534887443012661,0.7381822346563014,0.693502470947807,0.01,128,mbv2_blur,7,mbv2_blur_seed_7,C:\Users\jakub\Documents\Magisterskie\DeepLearning\mobilenet\experiments\augmentation_first_part\experiments\mbv2_blur_seed_7,
7,0.7285095398796929,0.8443627052307129,0.7436440677243064,0.6962345607001419,0.01,128,mbv2_blur,7,mbv2_blur_seed_7,C:\Users\jakub\Documents\Magisterskie\DeepLearning\mobilenet\experiments\augmentation_first_part\experiments\mbv2_blur_seed_7,
8,0.6878369455814362,0.8331580781830682,0.7723083059649474,0.70752407438453,0.01,128,mbv2_blur,7,mbv2_blur_seed_7,C:\Users\jakub\Documents\Magisterskie\DeepLearning\mobilenet\experiments\augmentation_first_part\experiments\mbv2_blur_seed_7,
9,0.6515336606555515,0.8035856079631382,0.7874237082113964,0.7149293652606927,0.01,128,mbv2_blur,7,mbv2_blur_seed_7,C:\Users\jakub\Documents\Magisterskie\DeepLearning\mobilenet\experiments\augmentation_first_part\experiments\mbv2_blur_seed_7,
10,0.6153767482121786,0.8189841483010186,0.8012187011473519,0.7166654177734699,0.01,128,mbv2_blur,7,mbv2_blur_seed_7,C:\Users\jakub\Documents\Magisterskie\DeepLearning\mobilenet\experiments\augmentation_first_part\experiments\mbv2_blur_seed_7,
11,0.5849355799357097,0.8192113260004256,0.8150466019187789,0.7205004807307132,0.01,128,mbv2_blur,7,mbv2_blur_seed_7,C:\Users\jakub\Documents\Magisterskie\DeepLearning\mobilenet\experiments\augmentation_first_part\experiments\mbv2_blur_seed_7,
12,0.5549543010181851,0.8373256376266479,0.822979836612635,0.7192652345371306,0.01,128,mbv2_blur,7,mbv2_blur_seed_7,C:\Users\jakub\Documents\Magisterskie\DeepLearning\mobilenet\experiments\augmentation_first_part\experiments\mbv2_blur_seed_7,
13,0.5272083066092597,0.8322201275878482,0.839712659542483,0.7270432921366548,0.01,128,mbv2_blur,7,mbv2_blur_seed_7,C:\Users\jakub\Documents\Magisterskie\DeepLearning\mobilenet\experiments\augmentation_first_part\experiments\mbv2_blur_seed_7,
14,0.4986806243048773,0.8798126422776116,0.8382394731404126,0.7167270287194696,0.01,128,mbv2_blur,7,mbv2_blur_seed_7,C:\Users\jakub\Documents\Magisterskie\DeepLearning\mobilenet\experiments\augmentation_first_part\experiments\mbv2_blur_seed_7,
15,0.4728602532810635,0.8590402097278171,0.8523406368814566,0.7214451819592956,0.01,128,mbv2_blur,7,mbv2_blur_seed_7,C:\Users\jakub\Documents\Magisterskie\DeepLearning\mobilenet\experiments\augmentation_first_part\experiments\mbv2_blur_seed_7,
16,0.4502547055880229,0.8944372151162889,0.8616605406949567,0.717136981167073,0.01,128,mbv2_blur,7,mbv2_blur_seed_7,C:\Users\jakub\Documents\Magisterskie\DeepLearning\mobilenet\experiments\augmentation_first_part\experiments\mbv2_blur_seed_7,
17,0.4280352356698778,0.8866526382128398,0.8744527889572478,0.722486173995104,0.01,128,mbv2_blur,7,mbv2_blur_seed_7,C:\Users\jakub\Documents\Magisterskie\DeepLearning\mobilenet\experiments\augmentation_first_part\experiments\mbv2_blur_seed_7,
18,0.4066655595143636,0.9163332404984368,0.8817788338628706,0.7205825473718875,0.01,128,mbv2_blur,7,mbv2_blur_seed_7,C:\Users\jakub\Documents\Magisterskie\DeepLearning\mobilenet\experiments\augmentation_first_part\experiments\mbv2_blur_seed_7,
19,0.3881167152616713,0.9249267699453566,0.8858823471215184,0.7217090407419052,0.01,128,mbv2_blur,7,mbv2_blur_seed_7,C:\Users\jakub\Documents\Magisterskie\DeepLearning\mobilenet\experiments\augmentation_first_part\experiments\mbv2_blur_seed_7,
20,0.371483317984475,0.9298163128217062,0.8900216028278181,0.7178543411445224,0.01,128,mbv2_blur,7,mbv2_blur_seed_7,C:\Users\jakub\Documents\Magisterskie\DeepLearning\mobilenet\experiments\augmentation_first_part\experiments\mbv2_blur_seed_7,
21,0.3528950516488817,0.976399927382999,0.8893345386370344,0.718017043799788,0.01,128,mbv2_blur,7,mbv2_blur_seed_7,C:\Users\jakub\Documents\Magisterskie\DeepLearning\mobilenet\experiments\augmentation_first_part\experiments\mbv2_blur_seed_7,
22,0.3367821819093492,0.9456217020140754,0.9056880486984836,0.7178892839930112,0.01,128,mbv2_blur,7,mbv2_blur_seed_7,C:\Users\jakub\Documents\Magisterskie\DeepLearning\mobilenet\experiments\augmentation_first_part\experiments\mbv2_blur_seed_7,
23,0.322356995926963,1.0485155841562483,0.8945435931586031,0.7136938189026105,0.01,128,mbv2_blur,7,mbv2_blur_seed_7,C:\Users\jakub\Documents\Magisterskie\DeepLearning\mobilenet\experiments\augmentation_first_part\experiments\mbv2_blur_seed_7,
24,0.3076207875463698,1.0031005106502109,0.911621249191532,0.7166997339086586,0.01,128,mbv2_blur,7,mbv2_blur_seed_7,C:\Users\jakub\Documents\Magisterskie\DeepLearning\mobilenet\experiments\augmentation_first_part\experiments\mbv2_blur_seed_7,
25,0.293536649301317,1.0201951379140215,0.9181856618308768,0.7184241264268214,0.01,128,mbv2_blur,7,mbv2_blur_seed_7,C:\Users\jakub\Documents\Magisterskie\DeepLearning\mobilenet\experiments\augmentation_first_part\experiments\mbv2_blur_seed_7,
0,1.639505718591478,1.4077514956156412,0.4796085924955299,0.4814641902758275,0.01,128,mbv2_blur,999,mbv2_blur_seed_999,C:\Users\jakub\Documents\Magisterskie\DeepLearning\mobilenet\experiments\augmentation_first_part\experiments\mbv2_blur_seed_999,
1,1.237024587673611,1.195628840446472,0.5700199756099174,0.5645265311036268,0.01,128,mbv2_blur,999,mbv2_blur_seed_999,C:\Users\jakub\Documents\Magisterskie\DeepLearning\mobilenet\experiments\augmentation_first_part\experiments\mbv2_blur_seed_999,
2,1.0773971652136909,1.1155132169299655,0.6189713637450606,0.6139862742928818,0.01,128,mbv2_blur,999,mbv2_blur_seed_999,C:\Users\jakub\Documents\Magisterskie\DeepLearning\mobilenet\experiments\augmentation_first_part\experiments\mbv2_blur_seed_999,
3,0.97639003522661,0.9816244666099548,0.6706373937679349,0.6473499360797483,0.01,128,mbv2_blur,999,mbv2_blur_seed_999,C:\Users\jakub\Documents\Magisterskie\DeepLearning\mobilenet\experiments\augmentation_first_part\experiments\mbv2_blur_seed_999,
4,0.8988653698391385,0.90075920197169,0.7044506927079038,0.6770724531710961,0.01,128,mbv2_blur,999,mbv2_blur_seed_999,C:\Users\jakub\Documents\Magisterskie\DeepLearning\mobilenet\experiments\augmentation_first_part\experiments\mbv2_blur_seed_999,
5,0.8355995694796244,0.8592791554345025,0.7307882978232162,0.6941977785710369,0.01,128,mbv2_blur,999,mbv2_blur_seed_999,C:\Users\jakub\Documents\Magisterskie\DeepLearning\mobilenet\experiments\augmentation_first_part\experiments\mbv2_blur_seed_999,
6,0.7800949485990736,0.8607463189972772,0.7368074026257818,0.69440820858167,0.01,128,mbv2_blur,999,mbv2_blur_seed_999,C:\Users\jakub\Documents\Magisterskie\DeepLearning\mobilenet\experiments\augmentation_first_part\experiments\mbv2_blur_seed_999,
7,0.7310251694891188,0.8333708210176892,0.7590382133469875,0.7064316661140289,0.01,128,mbv2_blur,999,mbv2_blur_seed_999,C:\Users\jakub\Documents\Magisterskie\DeepLearning\mobilenet\experiments\augmentation_first_part\experiments\mbv2_blur_seed_999,
8,0.6882417316966587,0.8492791666931576,0.765718059827468,0.7020520535236744,0.01,128,mbv2_blur,999,mbv2_blur_seed_999,C:\Users\jakub\Documents\Magisterskie\DeepLearning\mobilenet\experiments\augmentation_first_part\experiments\mbv2_blur_seed_999,
9,0.6528233049498664,0.830316498711374,0.7836218006690437,0.7110590938514967,0.01,128,mbv2_blur,999,mbv2_blur_seed_999,C:\Users\jakub\Documents\Magisterskie\DeepLearning\mobilenet\experiments\augmentation_first_part\experiments\mbv2_blur_seed_999,
10,0.6155165454016791,0.8081276563008626,0.8064251849517825,0.7223069696286849,0.01,128,mbv2_blur,999,mbv2_blur_seed_999,C:\Users\jakub\Documents\Magisterskie\DeepLearning\mobilenet\experiments\augmentation_first_part\experiments\mbv2_blur_seed_999,
11,0.5826020748986138,0.8307520958767997,0.810587683803719,0.7161880808832534,0.01,128,mbv2_blur,999,mbv2_blur_seed_999,C:\Users\jakub\Documents\Magisterskie\DeepLearning\mobilenet\experiments\augmentation_first_part\experiments\mbv2_blur_seed_999,
12,0.5535695836173163,0.7963899706734552,0.8348556374313565,0.7264221828769161,0.01,128,mbv2_blur,999,mbv2_blur_seed_999,C:\Users\jakub\Documents\Magisterskie\DeepLearning\mobilenet\experiments\augmentation_first_part\experiments\mbv2_blur_seed_999,
13,0.523853593132231,0.8350307621955871,0.8370403849412937,0.7223410016899732,0.01,128,mbv2_blur,999,mbv2_blur_seed_999,C:\Users\jakub\Documents\Magisterskie\DeepLearning\mobilenet\experiments\augmentation_first_part\experiments\mbv2_blur_seed_999,
14,0.4976780583275689,0.8492077076170179,0.8456356513943352,0.7253984074878993,0.01,128,mbv2_blur,999,mbv2_blur_seed_999,C:\Users\jakub\Documents\Magisterskie\DeepLearning\mobilenet\experiments\augmentation_first_part\experiments\mbv2_blur_seed_999,
15,0.4739587432331509,0.8606732066472371,0.8582488940198802,0.722413034243494,0.01,128,mbv2_blur,999,mbv2_blur_seed_999,C:\Users\jakub\Documents\Magisterskie\DeepLearning\mobilenet\experiments\augmentation_first_part\experiments\mbv2_blur_seed_999,
16,0.4505999826961093,0.9010699121581184,0.857761178031903,0.7153396904772775,0.01,128,mbv2_blur,999,mbv2_blur_seed_999,C:\Users\jakub\Documents\Magisterskie\DeepLearning\mobilenet\experiments\augmentation_first_part\experiments\mbv2_blur_seed_999,
17,0.4259912679301368,0.8865612373458015,0.8739065768583204,0.7244120931364509,0.01,128,mbv2_blur,999,mbv2_blur_seed_999,C:\Users\jakub\Documents\Magisterskie\DeepLearning\mobilenet\experiments\augmentation_first_part\experiments\mbv2_blur_seed_999,
18,0.4068366556829876,0.8795841361469693,0.8814992084768385,0.7214466221405663,0.01,128,mbv2_blur,999,mbv2_blur_seed_999,C:\Users\jakub\Documents\Magisterskie\DeepLearning\mobilenet\experiments\augmentation_first_part\experiments\mbv2_blur_seed_999,
19,0.3833710661490758,0.9498724784904056,0.8874579687178074,0.7222173923842378,0.01,128,mbv2_blur,999,mbv2_blur_seed_999,C:\Users\jakub\Documents\Magisterskie\DeepLearning\mobilenet\experiments\augmentation_first_part\experiments\mbv2_blur_seed_999,
20,0.3684654946327209,0.9317303697109224,0.888902790352627,0.7212962470588113,0.01,128,mbv2_blur,999,mbv2_blur_seed_999,C:\Users\jakub\Documents\Magisterskie\DeepLearning\mobilenet\experiments\augmentation_first_part\experiments\mbv2_blur_seed_999,
21,0.3504707080258263,0.9771831940227084,0.8913565932211742,0.7175262340259149,0.01,128,mbv2_blur,999,mbv2_blur_seed_999,C:\Users\jakub\Documents\Magisterskie\DeepLearning\mobilenet\experiments\augmentation_first_part\experiments\mbv2_blur_seed_999,
22,0.3355081387307909,0.9623484764205084,0.9039821786481056,0.7175824304144044,0.01,128,mbv2_blur,999,mbv2_blur_seed_999,C:\Users\jakub\Documents\Magisterskie\DeepLearning\mobilenet\experiments\augmentation_first_part\experiments\mbv2_blur_seed_999,
23,0.3223833704630534,0.9805394483089448,0.9116934399177496,0.7171013937524194,0.01,128,mbv2_blur,999,mbv2_blur_seed_999,C:\Users\jakub\Documents\Magisterskie\DeepLearning\mobilenet\experiments\augmentation_first_part\experiments\mbv2_blur_seed_999,
24,0.3057086925135718,1.023005133872562,0.9141266353084264,0.7157115129934136,0.01,128,mbv2_blur,999,mbv2_blur_seed_999,C:\Users\jakub\Documents\Magisterskie\DeepLearning\mobilenet\experiments\augmentation_first_part\experiments\mbv2_blur_seed_999,
25,0.2923503365092807,1.0441381322224934,0.9169288269891076,0.7156686445477323,0.01,128,mbv2_blur,999,mbv2_blur_seed_999,C:\Users\jakub\Documents\Magisterskie\DeepLearning\mobilenet\experiments\augmentation_first_part\experiments\mbv2_blur_seed_999,
0,1.600473622279697,1.4013198310428197,0.4830096036173604,0.4795079418042254,0.01,128,mbv2_flip,123,mbv2_flip_seed_123,C:\Users\jakub\Documents\Magisterskie\DeepLearning\mobilenet\experiments\augmentation_first_part\experiments\mbv2_flip_seed_123,
1,1.177183633825514,1.107858554479811,0.6059148161874472,0.5919895270698159,0.01,128,mbv2_flip,123,mbv2_flip_seed_123,C:\Users\jakub\Documents\Magisterskie\DeepLearning\mobilenet\experiments\augmentation_first_part\experiments\mbv2_flip_seed_123,
2,1.0292751078075832,1.0259614189041986,0.6410445660699763,0.6244556759777754,0.01,128,mbv2_flip,123,mbv2_flip_seed_123,C:\Users\jakub\Documents\Magisterskie\DeepLearning\mobilenet\experiments\augmentation_first_part\experiments\mbv2_flip_seed_123,
3,0.9306499201668632,0.9517850285953946,0.6636442939597217,0.6452668777152003,0.01,128,mbv2_flip,123,mbv2_flip_seed_123,C:\Users\jakub\Documents\Magisterskie\DeepLearning\mobilenet\experiments\augmentation_first_part\experiments\mbv2_flip_seed_123,
4,0.8517899138132731,0.8709372057384914,0.717114669793811,0.6887977043080636,0.01,128,mbv2_flip,123,mbv2_flip_seed_123,C:\Users\jakub\Documents\Magisterskie\DeepLearning\mobilenet\experiments\augmentation_first_part\experiments\mbv2_flip_seed_123,
5,0.7885402430428399,0.8653573853227827,0.7197242213436922,0.6885147476234301,0.01,128,mbv2_flip,123,mbv2_flip_seed_123,C:\Users\jakub\Documents\Magisterskie\DeepLearning\mobilenet\experiments\augmentation_first_part\experiments\mbv2_flip_seed_123,
6,0.7381577919324239,0.8164926937686072,0.7501645671414222,0.7100968214268017,0.01,128,mbv2_flip,123,mbv2_flip_seed_123,C:\Users\jakub\Documents\Magisterskie\DeepLearning\mobilenet\experiments\augmentation_first_part\experiments\mbv2_flip_seed_123,
7,0.6972959589746264,0.8072477098200056,0.7583478564880503,0.7155777101534702,0.01,128,mbv2_flip,123,mbv2_flip_seed_123,C:\Users\jakub\Documents\Magisterskie\DeepLearning\mobilenet\experiments\augmentation_first_part\experiments\mbv2_flip_seed_123,
8,0.6567653268496195,0.7720999211205376,0.7794895369235346,0.7294174463828795,0.01,128,mbv2_flip,123,mbv2_flip_seed_123,C:\Users\jakub\Documents\Magisterskie\DeepLearning\mobilenet\experiments\augmentation_first_part\experiments\mbv2_flip_seed_123,
9,0.627582215807173,0.734839986954795,0.7974935166737559,0.7422481071389903,0.01,128,mbv2_flip,123,mbv2_flip_seed_123,C:\Users\jakub\Documents\Magisterskie\DeepLearning\mobilenet\experiments\augmentation_first_part\experiments\mbv2_flip_seed_123,
10,0.5961362832917108,0.7210446016735501,0.8101560026601661,0.745317950544455,0.01,128,mbv2_flip,123,mbv2_flip_seed_123,C:\Users\jakub\Documents\Magisterskie\DeepLearning\mobilenet\experiments\augmentation_first_part\experiments\mbv2_flip_seed_123,
11,0.5708541194174025,0.7231431121879154,0.8153796206466508,0.7485869709825632,0.01,128,mbv2_flip,123,mbv2_flip_seed_123,C:\Users\jakub\Documents\Magisterskie\DeepLearning\mobilenet\experiments\augmentation_first_part\experiments\mbv2_flip_seed_123,
12,0.5477681811120775,0.7208179512023926,0.8268796797889877,0.7500499224837949,0.01,128,mbv2_flip,123,mbv2_flip_seed_123,C:\Users\jakub\Documents\Magisterskie\DeepLearning\mobilenet\experiments\augmentation_first_part\experiments\mbv2_flip_seed_123,
13,0.5253967077255249,0.7194098254998526,0.8323664254744605,0.7539599767890537,0.01,128,mbv2_flip,123,mbv2_flip_seed_123,C:\Users\jakub\Documents\Magisterskie\DeepLearning\mobilenet\experiments\augmentation_first_part\experiments\mbv2_flip_seed_123,
14,0.503709513229794,0.707805307896932,0.8425428619804866,0.7567586401367378,0.01,128,mbv2_flip,123,mbv2_flip_seed_123,C:\Users\jakub\Documents\Magisterskie\DeepLearning\mobilenet\experiments\augmentation_first_part\experiments\mbv2_flip_seed_123,
15,0.4885924442927042,0.7094221164703369,0.848086447012367,0.7579342899267026,0.01,128,mbv2_flip,123,mbv2_flip_seed_123,C:\Users\jakub\Documents\Magisterskie\DeepLearning\mobilenet\experiments\augmentation_first_part\experiments\mbv2_flip_seed_123,
16,0.4663968852202098,0.711249398358663,0.8523311473206732,0.7571316114496401,0.01,128,mbv2_flip,123,mbv2_flip_seed_123,C:\Users\jakub\Documents\Magisterskie\DeepLearning\mobilenet\experiments\augmentation_first_part\experiments\mbv2_flip_seed_123,
17,0.4537616902775234,0.7161820051325692,0.8611991343968098,0.7581837633714097,0.01,128,mbv2_flip,123,mbv2_flip_seed_123,C:\Users\jakub\Documents\Magisterskie\DeepLearning\mobilenet\experiments\augmentation_first_part\experiments\mbv2_flip_seed_123,
18,0.4371792334662543,0.7203789471626282,0.8615562254629024,0.7563295190070034,0.01,128,mbv2_flip,123,mbv2_flip_seed_123,C:\Users\jakub\Documents\Magisterskie\DeepLearning\mobilenet\experiments\augmentation_first_part\experiments\mbv2_flip_seed_123,
19,0.4207377338833279,0.7439480694770813,0.872163234433111,0.7609401343878472,0.01,128,mbv2_flip,123,mbv2_flip_seed_123,C:\Users\jakub\Documents\Magisterskie\DeepLearning\mobilenet\experiments\augmentation_first_part\experiments\mbv2_flip_seed_123,
20,0.4053206275992923,0.7340832793235779,0.8706467553072645,0.7561809542814568,0.01,128,mbv2_flip,123,mbv2_flip_seed_123,C:\Users\jakub\Documents\Magisterskie\DeepLearning\mobilenet\experiments\augmentation_first_part\experiments\mbv2_flip_seed_123,
21,0.3899897040420108,0.7463937084039053,0.8790053801229518,0.7610285319957033,0.01,128,mbv2_flip,123,mbv2_flip_seed_123,C:\Users\jakub\Documents\Magisterskie\DeepLearning\mobilenet\experiments\augmentation_first_part\experiments\mbv2_flip_seed_123,
22,0.3792595115025838,0.7833943686432309,0.8766850024140378,0.7526441405019301,0.01,128,mbv2_flip,123,mbv2_flip_seed_123,C:\Users\jakub\Documents\Magisterskie\DeepLearning\mobilenet\experiments\augmentation_first_part\experiments\mbv2_flip_seed_123,
23,0.3653337357785967,0.7523196251551311,0.891975821307304,0.7621974187297631,0.01,128,mbv2_flip,123,mbv2_flip_seed_123,C:\Users\jakub\Documents\Magisterskie\DeepLearning\mobilenet\experiments\augmentation_first_part\experiments\mbv2_flip_seed_123,
24,0.3542404663085937,0.757698150311576,0.8939938139273323,0.7585477594894325,0.01,128,mbv2_flip,123,mbv2_flip_seed_123,C:\Users\jakub\Documents\Magisterskie\DeepLearning\mobilenet\experiments\augmentation_first_part\experiments\mbv2_flip_seed_123,
25,0.3407759358723958,0.7669947709348467,0.9009052439032764,0.7600355139600727,0.01,128,mbv2_flip,123,mbv2_flip_seed_123,C:\Users\jakub\Documents\Magisterskie\DeepLearning\mobilenet\experiments\augmentation_first_part\experiments\mbv2_flip_seed_123,
0,1.5421004649480183,1.400975990846422,0.4969141700360131,0.4913811055537728,0.01,128,mbv2_flip,2024,mbv2_flip_seed_2024,C:\Users\jakub\Documents\Magisterskie\DeepLearning\mobilenet\experiments\augmentation_first_part\experiments\mbv2_flip_seed_2024,
1,1.159390113406711,1.209359436056349,0.5739018115433303,0.5626277654609015,0.01,128,mbv2_flip,2024,mbv2_flip_seed_2024,C:\Users\jakub\Documents\Magisterskie\DeepLearning\mobilenet\experiments\augmentation_first_part\experiments\mbv2_flip_seed_2024,
2,1.0095042141596475,1.0542661976761287,0.6300864087069348,0.6149429520102982,0.01,128,mbv2_flip,2024,mbv2_flip_seed_2024,C:\Users\jakub\Documents\Magisterskie\DeepLearning\mobilenet\experiments\augmentation_first_part\experiments\mbv2_flip_seed_2024,
3,0.9058704132503932,0.9365260588539972,0.6786365303097108,0.6598211643743903,0.01,128,mbv2_flip,2024,mbv2_flip_seed_2024,C:\Users\jakub\Documents\Magisterskie\DeepLearning\mobilenet\experiments\augmentation_first_part\experiments\mbv2_flip_seed_2024,
4,0.8308643176396688,0.8582331316365136,0.7203591249278971,0.6938111350512862,0.01,128,mbv2_flip,2024,mbv2_flip_seed_2024,C:\Users\jakub\Documents\Magisterskie\DeepLearning\mobilenet\experiments\augmentation_first_part\experiments\mbv2_flip_seed_2024,
5,0.7751223204506769,0.8271719437493218,0.7394256527186993,0.7066314935211039,0.01,128,mbv2_flip,2024,mbv2_flip_seed_2024,C:\Users\jakub\Documents\Magisterskie\DeepLearning\mobilenet\experiments\augmentation_first_part\experiments\mbv2_flip_seed_2024,
6,0.726178201007843,0.7838139508406321,0.7564179054011066,0.7193219094746579,0.01,128,mbv2_flip,2024,mbv2_flip_seed_2024,C:\Users\jakub\Documents\Magisterskie\DeepLearning\mobilenet\experiments\augmentation_first_part\experiments\mbv2_flip_seed_2024,
7,0.6825921849780613,0.754197005007002,0.7740468655380257,0.7310053525237186,0.01,128,mbv2_flip,2024,mbv2_flip_seed_2024,C:\Users\jakub\Documents\Magisterskie\DeepLearning\mobilenet\experiments\augmentation_first_part\experiments\mbv2_flip_seed_2024,
8,0.6489757406658596,0.7509554174052344,0.7804913045667069,0.7345057570019686,0.01,128,mbv2_flip,2024,mbv2_flip_seed_2024,C:\Users\jakub\Documents\Magisterskie\DeepLearning\mobilenet\experiments\augmentation_first_part\experiments\mbv2_flip_seed_2024,
9,0.6173177410761516,0.7254539599921969,0.799730204368698,0.7431749405034986,0.01,128,mbv2_flip,2024,mbv2_flip_seed_2024,C:\Users\jakub\Documents\Magisterskie\DeepLearning\mobilenet\experiments\augmentation_first_part\experiments\mbv2_flip_seed_2024,
10,0.5893010196579828,0.7109354634602865,0.8100892554168068,0.7510643427168592,0.01,128,mbv2_flip,2024,mbv2_flip_seed_2024,C:\Users\jakub\Documents\Magisterskie\DeepLearning\mobilenet\experiments\augmentation_first_part\experiments\mbv2_flip_seed_2024,
11,0.5642636723412408,0.7003468669626448,0.8215650992139418,0.7542539328956914,0.01,128,mbv2_flip,2024,mbv2_flip_seed_2024,C:\Users\jakub\Documents\Magisterskie\DeepLearning\mobilenet\experiments\augmentation_first_part\experiments\mbv2_flip_seed_2024,
12,0.5428432476361592,0.7130399182478587,0.8281733414848984,0.755625884918724,0.01,128,mbv2_flip,2024,mbv2_flip_seed_2024,C:\Users\jakub\Documents\Magisterskie\DeepLearning\mobilenet\experiments\augmentation_first_part\experiments\mbv2_flip_seed_2024,
13,0.5183697260750665,0.6842267454253302,0.8431357345833534,0.762556663007976,0.01,128,mbv2_flip,2024,mbv2_flip_seed_2024,C:\Users\jakub\Documents\Magisterskie\DeepLearning\mobilenet\experiments\augmentation_first_part\experiments\mbv2_flip_seed_2024,
14,0.4984146406173706,0.6936928640259636,0.8427092236342704,0.7602458297291357,0.01,128,mbv2_flip,2024,mbv2_flip_seed_2024,C:\Users\jakub\Documents\Magisterskie\DeepLearning\mobilenet\experiments\augmentation_first_part\experiments\mbv2_flip_seed_2024,
15,0.4812011152161492,0.7210745166831546,0.8393389460953602,0.7522469751809825,0.01,128,mbv2_flip,2024,mbv2_flip_seed_2024,C:\Users\jakub\Documents\Magisterskie\DeepLearning\mobilenet\experiments\augmentation_first_part\experiments\mbv2_flip_seed_2024,
16,0.460661390124427,0.728301898627811,0.8485341574290818,0.7558060886227553,0.01,128,mbv2_flip,2024,mbv2_flip_seed_2024,C:\Users\jakub\Documents\Magisterskie\DeepLearning\mobilenet\experiments\augmentation_first_part\experiments\mbv2_flip_seed_2024,
17,0.4461455194367302,0.7117177760865954,0.8546285334553427,0.7567132249106281,0.01,128,mbv2_flip,2024,mbv2_flip_seed_2024,C:\Users\jakub\Documents\Magisterskie\DeepLearning\mobilenet\experiments\augmentation_first_part\experiments\mbv2_flip_seed_2024,
18,0.4281532108200921,0.7661462647808923,0.8476513705423272,0.7477550395211896,0.01,128,mbv2_flip,2024,mbv2_flip_seed_2024,C:\Users\jakub\Documents\Magisterskie\DeepLearning\mobilenet\experiments\augmentation_first_part\experiments\mbv2_flip_seed_2024,
19,0.4157887980884976,0.7210275218804677,0.8735186286201838,0.7610903979034206,0.01,128,mbv2_flip,2024,mbv2_flip_seed_2024,C:\Users\jakub\Documents\Magisterskie\DeepLearning\mobilenet\experiments\augmentation_first_part\experiments\mbv2_flip_seed_2024,
20,0.4018537330150604,0.723385146745046,0.8766632667911469,0.7617897748019998,0.01,128,mbv2_flip,2024,mbv2_flip_seed_2024,C:\Users\jakub\Documents\Magisterskie\DeepLearning\mobilenet\experiments\augmentation_first_part\experiments\mbv2_flip_seed_2024,
21,0.3884405775970883,0.7211382431825002,0.8837475669369426,0.763798180062331,0.01,128,mbv2_flip,2024,mbv2_flip_seed_2024,C:\Users\jakub\Documents\Magisterskie\DeepLearning\mobilenet\experiments\augmentation_first_part\experiments\mbv2_flip_seed_2024,
22,0.3746447279824151,0.7199508789274428,0.8865364170114354,0.7634646979009901,0.01,128,mbv2_flip,2024,mbv2_flip_seed_2024,C:\Users\jakub\Documents\Magisterskie\DeepLearning\mobilenet\experiments\augmentation_first_part\experiments\mbv2_flip_seed_2024,
23,0.3602389260398017,0.7343232824881871,0.8933149055754745,0.7647429379690637,0.01,128,mbv2_flip,2024,mbv2_flip_seed_2024,C:\Users\jakub\Documents\Magisterskie\DeepLearning\mobilenet\experiments\augmentation_first_part\experiments\mbv2_flip_seed_2024,
24,0.3507086716598934,0.7680455080774096,0.890935707696795,0.7615545879028482,0.01,128,mbv2_flip,2024,mbv2_flip_seed_2024,C:\Users\jakub\Documents\Magisterskie\DeepLearning\mobilenet\experiments\augmentation_first_part\experiments\mbv2_flip_seed_2024,
25,0.3399237225161658,0.7581837146494124,0.897905597466203,0.7602611540268518,0.01,128,mbv2_flip,2024,mbv2_flip_seed_2024,C:\Users\jakub\Documents\Magisterskie\DeepLearning\mobilenet\experiments\augmentation_first_part\experiments\mbv2_flip_seed_2024,
0,1.5533443326526215,1.500577358341217,0.460906016919864,0.4563805666297941,0.01,128,mbv2_flip,42,mbv2_flip_seed_42,C:\Users\jakub\Documents\Magisterskie\DeepLearning\mobilenet\experiments\augmentation_first_part\experiments\mbv2_flip_seed_42,
1,1.1362844252056543,1.1477842754364014,0.5992653919501294,0.5861718445225399,0.01,128,mbv2_flip,42,mbv2_flip_seed_42,C:\Users\jakub\Documents\Magisterskie\DeepLearning\mobilenet\experiments\augmentation_first_part\experiments\mbv2_flip_seed_42,
2,0.9888516906102498,0.9975444935268826,0.6519062336973606,0.6331704224190984,0.01,128,mbv2_flip,42,mbv2_flip_seed_42,C:\Users\jakub\Documents\Magisterskie\DeepLearning\mobilenet\experiments\augmentation_first_part\experiments\mbv2_flip_seed_42,
3,0.8918580722067091,0.936881496032079,0.6840761848358452,0.6634386879794058,0.01,128,mbv2_flip,42,mbv2_flip_seed_42,C:\Users\jakub\Documents\Magisterskie\DeepLearning\mobilenet\experiments\augmentation_first_part\experiments\mbv2_flip_seed_42,
4,0.8178923189163207,0.8643858815617032,0.7177449518041497,0.6923995099303426,0.01,128,mbv2_flip,42,mbv2_flip_seed_42,C:\Users\jakub\Documents\Magisterskie\DeepLearning\mobilenet\experiments\augmentation_first_part\experiments\mbv2_flip_seed_42,
5,0.7648515490002102,0.8558151737742954,0.727069297214893,0.6966680223722916,0.01,128,mbv2_flip,42,mbv2_flip_seed_42,C:\Users\jakub\Documents\Magisterskie\DeepLearning\mobilenet\experiments\augmentation_first_part\experiments\mbv2_flip_seed_42,
6,0.7187786720593771,0.7821842555575901,0.7581451329122003,0.7192689532013291,0.01,128,mbv2_flip,42,mbv2_flip_seed_42,C:\Users\jakub\Documents\Magisterskie\DeepLearning\mobilenet\experiments\augmentation_first_part\experiments\mbv2_flip_seed_42,
7,0.6783341653082106,0.7981546382533179,0.7651791677589752,0.7209931963944836,0.01,128,mbv2_flip,42,mbv2_flip_seed_42,C:\Users\jakub\Documents\Magisterskie\DeepLearning\mobilenet\experiments\augmentation_first_part\experiments\mbv2_flip_seed_42,
8,0.644319257873959,0.7459499415344663,0.7835948917441886,0.7331446121295843,0.01,128,mbv2_flip,42,mbv2_flip_seed_42,C:\Users\jakub\Documents\Magisterskie\DeepLearning\mobilenet\experiments\augmentation_first_part\experiments\mbv2_flip_seed_42,
9,0.6121946012708875,0.7242344857639736,0.8000363473761565,0.745761911524393,0.01,128,mbv2_flip,42,mbv2_flip_seed_42,C:\Users\jakub\Documents\Magisterskie\DeepLearning\mobilenet\experiments\augmentation_first_part\experiments\mbv2_flip_seed_42,
10,0.5843619129816691,0.7348484768284692,0.802250224056164,0.7390294209369019,0.01,128,mbv2_flip,42,mbv2_flip_seed_42,C:\Users\jakub\Documents\Magisterskie\DeepLearning\mobilenet\experiments\augmentation_first_part\experiments\mbv2_flip_seed_42,
11,0.5598811985015869,0.7054640686670939,0.8190568936151046,0.7529451698675973,0.01,128,mbv2_flip,42,mbv2_flip_seed_42,C:\Users\jakub\Documents\Magisterskie\DeepLearning\mobilenet\experiments\augmentation_first_part\experiments\mbv2_flip_seed_42,
12,0.5364523253864713,0.7518604960600536,0.8081250218802142,0.7360936786026114,0.01,128,mbv2_flip,42,mbv2_flip_seed_42,C:\Users\jakub\Documents\Magisterskie\DeepLearning\mobilenet\experiments\augmentation_first_part\experiments\mbv2_flip_seed_42,
13,0.5142980289909574,0.7191213232570224,0.8316808581143853,0.7524686808792496,0.01,128,mbv2_flip,42,mbv2_flip_seed_42,C:\Users\jakub\Documents\Magisterskie\DeepLearning\mobilenet\experiments\augmentation_first_part\experiments\mbv2_flip_seed_42,
14,0.493165143638187,0.7069875556363,0.8420815091012368,0.7568489744334399,0.01,128,mbv2_flip,42,mbv2_flip_seed_42,C:\Users\jakub\Documents\Magisterskie\DeepLearning\mobilenet\experiments\augmentation_first_part\experiments\mbv2_flip_seed_42,
15,0.4766828753259446,0.7061081979486677,0.8527075317137609,0.7608751813169676,0.01,128,mbv2_flip,42,mbv2_flip_seed_42,C:\Users\jakub\Documents\Magisterskie\DeepLearning\mobilenet\experiments\augmentation_first_part\experiments\mbv2_flip_seed_42,
16,0.4542190388043721,0.6938038911130693,0.8642599331142111,0.7665942709471368,0.01,128,mbv2_flip,42,mbv2_flip_seed_42,C:\Users\jakub\Documents\Magisterskie\DeepLearning\mobilenet\experiments\augmentation_first_part\experiments\mbv2_flip_seed_42,
17,0.4383900604248046,0.7027329885164897,0.8683029184529651,0.7646230489638438,0.01,128,mbv2_flip,42,mbv2_flip_seed_42,C:\Users\jakub\Documents\Magisterskie\DeepLearning\mobilenet\experiments\augmentation_first_part\experiments\mbv2_flip_seed_42,
18,0.4221396935356988,0.7290352664470673,0.8663937037919197,0.7595048406431747,0.01,128,mbv2_flip,42,mbv2_flip_seed_42,C:\Users\jakub\Documents\Magisterskie\DeepLearning\mobilenet\experiments\augmentation_first_part\experiments\mbv2_flip_seed_42,
19,0.4090133639229668,0.7112978673299154,0.8798121619393994,0.765711825252102,0.01,128,mbv2_flip,42,mbv2_flip_seed_42,C:\Users\jakub\Documents\Magisterskie\DeepLearning\mobilenet\experiments\augmentation_first_part\experiments\mbv2_flip_seed_42,
20,0.3951721835348341,0.7484953565544552,0.8764840278666888,0.7579838889820055,0.01,128,mbv2_flip,42,mbv2_flip_seed_42,C:\Users\jakub\Documents\Magisterskie\DeepLearning\mobilenet\experiments\augmentation_first_part\experiments\mbv2_flip_seed_42,
21,0.3822669134192996,0.7610231695069207,0.8803999496976932,0.759786958882155,0.01,128,mbv2_flip,42,mbv2_flip_seed_42,C:\Users\jakub\Documents\Magisterskie\DeepLearning\mobilenet\experiments\augmentation_first_part\experiments\mbv2_flip_seed_42,
22,0.3656805182033115,0.7369597377883064,0.8905785702406614,0.7630940554239716,0.01,128,mbv2_flip,42,mbv2_flip_seed_42,C:\Users\jakub\Documents\Magisterskie\DeepLearning\mobilenet\experiments\augmentation_first_part\experiments\mbv2_flip_seed_42,
23,0.3529179165946112,0.7580247045940823,0.8985883057942123,0.766324899509268,0.01,128,mbv2_flip,42,mbv2_flip_seed_42,C:\Users\jakub\Documents\Magisterskie\DeepLearning\mobilenet\experiments\augmentation_first_part\experiments\mbv2_flip_seed_42,
24,0.342170841272672,0.76744869828754,0.8950145225537829,0.7595013753675934,0.01,128,mbv2_flip,42,mbv2_flip_seed_42,C:\Users\jakub\Documents\Magisterskie\DeepLearning\mobilenet\experiments\augmentation_first_part\experiments\mbv2_flip_seed_42,
25,0.3317418509430355,0.7765314443853166,0.8988112483625976,0.7605790268940694,0.01,128,mbv2_flip,42,mbv2_flip_seed_42,C:\Users\jakub\Documents\Magisterskie\DeepLearning\mobilenet\experiments\augmentation_first_part\experiments\mbv2_flip_seed_42,
0,1.6071677392111885,1.351455019399855,0.5006062998320309,0.4929657198075704,0.01,128,mbv2_flip,7,mbv2_flip_seed_7,C:\Users\jakub\Documents\Magisterskie\DeepLearning\mobilenet\experiments\augmentation_first_part\experiments\mbv2_flip_seed_7,
1,1.1682014663060507,1.1496810156822204,0.584670275239484,0.5722335792024351,0.01,128,mbv2_flip,7,mbv2_flip_seed_7,C:\Users\jakub\Documents\Magisterskie\DeepLearning\mobilenet\experiments\augmentation_first_part\experiments\mbv2_flip_seed_7,
2,1.0131669109768338,1.0851346344735888,0.6260627951763894,0.608747610961732,0.01,128,mbv2_flip,7,mbv2_flip_seed_7,C:\Users\jakub\Documents\Magisterskie\DeepLearning\mobilenet\experiments\augmentation_first_part\experiments\mbv2_flip_seed_7,
3,0.9164707794613308,0.9715021507051256,0.6763344242979838,0.6554970992970955,0.01,128,mbv2_flip,7,mbv2_flip_seed_7,C:\Users\jakub\Documents\Magisterskie\DeepLearning\mobilenet\experiments\augmentation_first_part\experiments\mbv2_flip_seed_7,
4,0.8396510114351908,0.8679416312747531,0.7121343282866955,0.6877748514433729,0.01,128,mbv2_flip,7,mbv2_flip_seed_7,C:\Users\jakub\Documents\Magisterskie\DeepLearning\mobilenet\experiments\augmentation_first_part\experiments\mbv2_flip_seed_7,
5,0.780365270667606,0.807294312927458,0.7432909213706441,0.7086847153243521,0.01,128,mbv2_flip,7,mbv2_flip_seed_7,C:\Users\jakub\Documents\Magisterskie\DeepLearning\mobilenet\experiments\augmentation_first_part\experiments\mbv2_flip_seed_7,
6,0.7301542299164666,0.7850890747494168,0.7567754573054069,0.7178795298551325,0.01,128,mbv2_flip,7,mbv2_flip_seed_7,C:\Users\jakub\Documents\Magisterskie\DeepLearning\mobilenet\experiments\augmentation_first_part\experiments\mbv2_flip_seed_7,
7,0.6882371767467923,0.7874319914764828,0.7593253606636317,0.7156014011985097,0.01,128,mbv2_flip,7,mbv2_flip_seed_7,C:\Users\jakub\Documents\Magisterskie\DeepLearning\mobilenet\experiments\augmentation_first_part\experiments\mbv2_flip_seed_7,
8,0.6521803038914998,0.7539078300952912,0.7857934209463123,0.7351201034411029,0.01,128,mbv2_flip,7,mbv2_flip_seed_7,C:\Users\jakub\Documents\Magisterskie\DeepLearning\mobilenet\experiments\augmentation_first_part\experiments\mbv2_flip_seed_7,
9,0.620771068959766,0.7630895101017422,0.7848260463705304,0.7287022602484561,0.01,128,mbv2_flip,7,mbv2_flip_seed_7,C:\Users\jakub\Documents\Magisterskie\DeepLearning\mobilenet\experiments\augmentation_first_part\experiments\mbv2_flip_seed_7,
10,0.5909212734010485,0.7255361519389683,0.8086084488999393,0.7450954326933957,0.01,128,mbv2_flip,7,mbv2_flip_seed_7,C:\Users\jakub\Documents\Magisterskie\DeepLearning\mobilenet\experiments\augmentation_first_part\experiments\mbv2_flip_seed_7,
11,0.5665786672592164,0.7196742218759324,0.8198119811692145,0.7496951567665247,0.01,128,mbv2_flip,7,mbv2_flip_seed_7,C:\Users\jakub\Documents\Magisterskie\DeepLearning\mobilenet\experiments\augmentation_first_part\experiments\mbv2_flip_seed_7,
12,0.5417779007699755,0.7129878826565212,0.8256235903482946,0.7512047384393293,0.01,128,mbv2_flip,7,mbv2_flip_seed_7,C:\Users\jakub\Documents\Magisterskie\DeepLearning\mobilenet\experiments\augmentation_first_part\experiments\mbv2_flip_seed_7,
13,0.5190377962218391,0.708018974410163,0.8349309684304895,0.7565063298864538,0.01,128,mbv2_flip,7,mbv2_flip_seed_7,C:\Users\jakub\Documents\Magisterskie\DeepLearning\mobilenet\experiments\augmentation_first_part\experiments\mbv2_flip_seed_7,
14,0.4964803494559394,0.7094224357710944,0.843142773645169,0.7544428827928206,0.01,128,mbv2_flip,7,mbv2_flip_seed_7,C:\Users\jakub\Documents\Magisterskie\DeepLearning\mobilenet\experiments\augmentation_first_part\experiments\mbv2_flip_seed_7,
15,0.4784908374998304,0.7095431530899472,0.8478468501871236,0.7596528233051413,0.01,128,mbv2_flip,7,mbv2_flip_seed_7,C:\Users\jakub\Documents\Magisterskie\DeepLearning\mobilenet\experiments\augmentation_first_part\experiments\mbv2_flip_seed_7,
16,0.4615204976293776,0.7318434606287214,0.8500018558873069,0.752564680316132,0.01,128,mbv2_flip,7,mbv2_flip_seed_7,C:\Users\jakub\Documents\Magisterskie\DeepLearning\mobilenet\experiments\augmentation_first_part\experiments\mbv2_flip_seed_7,
17,0.4437166890038384,0.7082792206075457,0.8614173271170438,0.7606492886925118,0.01,128,mbv2_flip,7,mbv2_flip_seed_7,C:\Users\jakub\Documents\Magisterskie\DeepLearning\mobilenet\experiments\augmentation_first_part\experiments\mbv2_flip_seed_7,
18,0.4262529760678609,0.739332779068417,0.8579853433625031,0.7519261010125837,0.01,128,mbv2_flip,7,mbv2_flip_seed_7,C:\Users\jakub\Documents\Magisterskie\DeepLearning\mobilenet\experiments\augmentation_first_part\experiments\mbv2_flip_seed_7,
19,0.4116648567411635,0.7158764898406135,0.8747773996564814,0.7623005533832312,0.01,128,mbv2_flip,7,mbv2_flip_seed_7,C:\Users\jakub\Documents\Magisterskie\DeepLearning\mobilenet\experiments\augmentation_first_part\experiments\mbv2_flip_seed_7,
20,0.3965091519143846,0.725318268553416,0.8792088125154855,0.7621245667656678,0.01,128,mbv2_flip,7,mbv2_flip_seed_7,C:\Users\jakub\Documents\Magisterskie\DeepLearning\mobilenet\experiments\augmentation_first_part\experiments\mbv2_flip_seed_7,
21,0.3834415748967065,0.7616401245964898,0.8727579556382002,0.753722764158178,0.01,128,mbv2_flip,7,mbv2_flip_seed_7,C:\Users\jakub\Documents\Magisterskie\DeepLearning\mobilenet\experiments\augmentation_first_part\experiments\mbv2_flip_seed_7,
22,0.3679494887140062,0.7485109365781148,0.8832058957539392,0.7591906205884493,0.01,128,mbv2_flip,7,mbv2_flip_seed_7,C:\Users\jakub\Documents\Magisterskie\DeepLearning\mobilenet\experiments\augmentation_first_part\experiments\mbv2_flip_seed_7,
23,0.3587386274337769,0.7622351817369462,0.8894909319528148,0.7580955104624963,0.01,128,mbv2_flip,7,mbv2_flip_seed_7,C:\Users\jakub\Documents\Magisterskie\DeepLearning\mobilenet\experiments\augmentation_first_part\experiments\mbv2_flip_seed_7,
24,0.3444718356927236,0.7676321525361803,0.8977446872232486,0.7608965887073535,0.01,128,mbv2_flip,7,mbv2_flip_seed_7,C:\Users\jakub\Documents\Magisterskie\DeepLearning\mobilenet\experiments\augmentation_first_part\experiments\mbv2_flip_seed_7,
25,0.3312013129022386,0.7672070656034682,0.904062378502164,0.7613957680247967,0.01,128,mbv2_flip,7,mbv2_flip_seed_7,C:\Users\jakub\Documents\Magisterskie\DeepLearning\mobilenet\experiments\augmentation_first_part\experiments\mbv2_flip_seed_7,
0,1.5622508506562975,1.634132655122545,0.4569994808789085,0.449587971276315,0.01,128,mbv2_flip,999,mbv2_flip_seed_999,C:\Users\jakub\Documents\Magisterskie\DeepLearning\mobilenet\experiments\augmentation_first_part\experiments\mbv2_flip_seed_999,
1,1.1505757211261325,1.1445249457783169,0.5884380963505185,0.5760768036957467,0.01,128,mbv2_flip,999,mbv2_flip_seed_999,C:\Users\jakub\Documents\Magisterskie\DeepLearning\mobilenet\experiments\augmentation_first_part\experiments\mbv2_flip_seed_999,
2,0.990860033416748,0.9881759370168052,0.6661226582431446,0.6474893208681047,0.01,128,mbv2_flip,999,mbv2_flip_seed_999,C:\Users\jakub\Documents\Magisterskie\DeepLearning\mobilenet\experiments\augmentation_first_part\experiments\mbv2_flip_seed_999,
3,0.8918043484581841,0.9588127247651418,0.6708227164672258,0.651896851732922,0.01,128,mbv2_flip,999,mbv2_flip_seed_999,C:\Users\jakub\Documents\Magisterskie\DeepLearning\mobilenet\experiments\augmentation_first_part\experiments\mbv2_flip_seed_999,
4,0.8195546118418375,0.8641961344242096,0.717907656815411,0.6915300490941256,0.01,128,mbv2_flip,999,mbv2_flip_seed_999,C:\Users\jakub\Documents\Magisterskie\DeepLearning\mobilenet\experiments\augmentation_first_part\experiments\mbv2_flip_seed_999,
5,0.7677799127578735,0.7977072964403364,0.7488444520967723,0.7134979843274956,0.01,128,mbv2_flip,999,mbv2_flip_seed_999,C:\Users\jakub\Documents\Magisterskie\DeepLearning\mobilenet\experiments\augmentation_first_part\experiments\mbv2_flip_seed_999,
6,0.7230367021560669,0.782482206694285,0.7598592661467263,0.7194774158285783,0.01,128,mbv2_flip,999,mbv2_flip_seed_999,C:\Users\jakub\Documents\Magisterskie\DeepLearning\mobilenet\experiments\augmentation_first_part\experiments\mbv2_flip_seed_999,
7,0.6821118181970385,0.7504268745846219,0.7768238026906455,0.7321249437996648,0.01,128,mbv2_flip,999,mbv2_flip_seed_999,C:\Users\jakub\Documents\Magisterskie\DeepLearning\mobilenet\experiments\augmentation_first_part\experiments\mbv2_flip_seed_999,
8,0.6516584597269695,0.745339468744066,0.7778385723084832,0.7306448952498031,0.01,128,mbv2_flip,999,mbv2_flip_seed_999,C:\Users\jakub\Documents\Magisterskie\DeepLearning\mobilenet\experiments\augmentation_first_part\experiments\mbv2_flip_seed_999,
9,0.6183901782035828,0.73491493323644,0.7947929850801909,0.73962954785265,0.01,128,mbv2_flip,999,mbv2_flip_seed_999,C:\Users\jakub\Documents\Magisterskie\DeepLearning\mobilenet\experiments\augmentation_first_part\experiments\mbv2_flip_seed_999,
10,0.5917117269515991,0.7345737164444394,0.8005059959606102,0.7412137862807743,0.01,128,mbv2_flip,999,mbv2_flip_seed_999,C:\Users\jakub\Documents\Magisterskie\DeepLearning\mobilenet\experiments\augmentation_first_part\experiments\mbv2_flip_seed_999,
11,0.565923440085517,0.7534272582054138,0.800355823747123,0.7334292024712787,0.01,128,mbv2_flip,999,mbv2_flip_seed_999,C:\Users\jakub\Documents\Magisterskie\DeepLearning\mobilenet\experiments\augmentation_first_part\experiments\mbv2_flip_seed_999,
12,0.5426648676766289,0.6950142490386962,0.8318293449202032,0.7552972667359512,0.01,128,mbv2_flip,999,mbv2_flip_seed_999,C:\Users\jakub\Documents\Magisterskie\DeepLearning\mobilenet\experiments\augmentation_first_part\experiments\mbv2_flip_seed_999,
13,0.5204090809292263,0.7062168778207567,0.8320609814337017,0.7537865664892497,0.01,128,mbv2_flip,999,mbv2_flip_seed_999,C:\Users\jakub\Documents\Magisterskie\DeepLearning\mobilenet\experiments\augmentation_first_part\experiments\mbv2_flip_seed_999,
14,0.4989019240962134,0.7283923338837094,0.8435629427761258,0.7554246473730164,0.01,128,mbv2_flip,999,mbv2_flip_seed_999,C:\Users\jakub\Documents\Magisterskie\DeepLearning\mobilenet\experiments\augmentation_first_part\experiments\mbv2_flip_seed_999,
15,0.4803710093975067,0.7087426688300239,0.8531865809291086,0.7604139273150166,0.01,128,mbv2_flip,999,mbv2_flip_seed_999,C:\Users\jakub\Documents\Magisterskie\DeepLearning\mobilenet\experiments\augmentation_first_part\experiments\mbv2_flip_seed_999,
16,0.4616786116282145,0.7213868960857391,0.8562864920006957,0.7558106130457762,0.01,128,mbv2_flip,999,mbv2_flip_seed_999,C:\Users\jakub\Documents\Magisterskie\DeepLearning\mobilenet\experiments\augmentation_first_part\experiments\mbv2_flip_seed_999,
17,0.4442589273240831,0.7044100025865767,0.8651726971161263,0.7618182204670944,0.01,128,mbv2_flip,999,mbv2_flip_seed_999,C:\Users\jakub\Documents\Magisterskie\DeepLearning\mobilenet\experiments\augmentation_first_part\experiments\mbv2_flip_seed_999,
18,0.4272052485042148,0.7014636226177215,0.8741742422934781,0.7641693334793829,0.01,128,mbv2_flip,999,mbv2_flip_seed_999,C:\Users\jakub\Documents\Magisterskie\DeepLearning\mobilenet\experiments\augmentation_first_part\experiments\mbv2_flip_seed_999,
19,0.4116538561926948,0.7515165862295363,0.8617447795189627,0.7523174434785233,0.01,128,mbv2_flip,999,mbv2_flip_seed_999,C:\Users\jakub\Documents\Magisterskie\DeepLearning\mobilenet\experiments\augmentation_first_part\experiments\mbv2_flip_seed_999,
20,0.3958669931305779,0.7592950472434362,0.877886011709806,0.7589560599553308,0.01,128,mbv2_flip,999,mbv2_flip_seed_999,C:\Users\jakub\Documents\Magisterskie\DeepLearning\mobilenet\experiments\augmentation_first_part\experiments\mbv2_flip_seed_999,
21,0.3826112600432502,0.7888454041798909,0.8712740331372351,0.7505713503529786,0.01,128,mbv2_flip,999,mbv2_flip_seed_999,C:\Users\jakub\Documents\Magisterskie\DeepLearning\mobilenet\experiments\augmentation_first_part\experiments\mbv2_flip_seed_999,
22,0.3691581105973985,0.7770646682209439,0.881360592079503,0.7560558910383346,0.01,128,mbv2_flip,999,mbv2_flip_seed_999,C:\Users\jakub\Documents\Magisterskie\DeepLearning\mobilenet\experiments\augmentation_first_part\experiments\mbv2_flip_seed_999,
23,0.3556122560289171,0.7573137014468511,0.8973527971851645,0.7624712235722335,0.01,128,mbv2_flip,999,mbv2_flip_seed_999,C:\Users\jakub\Documents\Magisterskie\DeepLearning\mobilenet\experiments\augmentation_first_part\experiments\mbv2_flip_seed_999,
24,0.3440550907558865,0.7684017205238343,0.8993290597057306,0.7621478892049709,0.01,128,mbv2_flip,999,mbv2_flip_seed_999,C:\Users\jakub\Documents\Magisterskie\DeepLearning\mobilenet\experiments\augmentation_first_part\experiments\mbv2_flip_seed_999,
25,0.3311461849636501,0.769297790617413,0.8996543561534279,0.7607103116631092,0.01,128,mbv2_flip,999,mbv2_flip_seed_999,C:\Users\jakub\Documents\Magisterskie\DeepLearning\mobilenet\experiments\augmentation_first_part\experiments\mbv2_flip_seed_999,
0,1.5989304650412666,1.3108173214700487,0.5288432506764027,0.5209759560162807,0.01,128,mbv2,123,mbv2_jitter_seed_123,C:\Users\jakub\Documents\Magisterskie\DeepLearning\mobilenet\experiments\augmentation_first_part\experiments\mbv2_jitter_seed_123,jitter
1,1.1883362487369111,1.115347783279419,0.5941692601423334,0.5824306724880841,0.01,128,mbv2,123,mbv2_jitter_seed_123,C:\Users\jakub\Documents\Magisterskie\DeepLearning\mobilenet\experiments\augmentation_first_part\experiments\mbv2_jitter_seed_123,jitter
2,1.0407420786327786,1.0269580197864108,0.654095549818304,0.6351244143750199,0.01,128,mbv2,123,mbv2_jitter_seed_123,C:\Users\jakub\Documents\Magisterskie\DeepLearning\mobilenet\experiments\augmentation_first_part\experiments\mbv2_jitter_seed_123,jitter
3,0.9334102549446952,0.9770981543329028,0.6611180338104762,0.6391891046675947,0.01,128,mbv2,123,mbv2_jitter_seed_123,C:\Users\jakub\Documents\Magisterskie\DeepLearning\mobilenet\experiments\augmentation_first_part\experiments\mbv2_jitter_seed_123,jitter
4,0.8515104211065504,0.9212057349099052,0.7098122574707839,0.6752888130576629,0.01,128,mbv2,123,mbv2_jitter_seed_123,C:\Users\jakub\Documents\Magisterskie\DeepLearning\mobilenet\experiments\augmentation_first_part\experiments\mbv2_jitter_seed_123,jitter
5,0.7805285550011529,0.8941236746258205,0.7298082062808989,0.6801422997852511,0.01,128,mbv2,123,mbv2_jitter_seed_123,C:\Users\jakub\Documents\Magisterskie\DeepLearning\mobilenet\experiments\augmentation_first_part\experiments\mbv2_jitter_seed_123,jitter
6,0.7275118887424469,0.8461510970857409,0.7578268910409027,0.7004480072252177,0.01,128,mbv2,123,mbv2_jitter_seed_123,C:\Users\jakub\Documents\Magisterskie\DeepLearning\mobilenet\experiments\augmentation_first_part\experiments\mbv2_jitter_seed_123,jitter
7,0.6782811431884765,0.8314389376799266,0.7712086686697672,0.7047322367473264,0.01,128,mbv2,123,mbv2_jitter_seed_123,C:\Users\jakub\Documents\Magisterskie\DeepLearning\mobilenet\experiments\augmentation_first_part\experiments\mbv2_jitter_seed_123,jitter
8,0.6336426314142015,0.834157720735338,0.7899437039937336,0.7105893168608598,0.01,128,mbv2,123,mbv2_jitter_seed_123,C:\Users\jakub\Documents\Magisterskie\DeepLearning\mobilenet\experiments\augmentation_first_part\experiments\mbv2_jitter_seed_123,jitter
9,0.5951953002187941,0.8369541242228614,0.8028612977436447,0.7131457308374587,0.01,128,mbv2,123,mbv2_jitter_seed_123,C:\Users\jakub\Documents\Magisterskie\DeepLearning\mobilenet\experiments\augmentation_first_part\experiments\mbv2_jitter_seed_123,jitter
10,0.5585699916415744,0.8461699383152855,0.8176706270817133,0.7157427996930972,0.01,128,mbv2,123,mbv2_jitter_seed_123,C:\Users\jakub\Documents\Magisterskie\DeepLearning\mobilenet\experiments\augmentation_first_part\experiments\mbv2_jitter_seed_123,jitter
11,0.5255662773450216,0.8474711716334025,0.835929344729386,0.7202283579866794,0.01,128,mbv2,123,mbv2_jitter_seed_123,C:\Users\jakub\Documents\Magisterskie\DeepLearning\mobilenet\experiments\augmentation_first_part\experiments\mbv2_jitter_seed_123,jitter
12,0.4928507971392737,0.8663451045460171,0.8450876329164496,0.7188138321481927,0.01,128,mbv2,123,mbv2_jitter_seed_123,C:\Users\jakub\Documents\Magisterskie\DeepLearning\mobilenet\experiments\augmentation_first_part\experiments\mbv2_jitter_seed_123,jitter
13,0.466833619456821,0.852872273349762,0.8581837087134321,0.724540019017884,0.01,128,mbv2,123,mbv2_jitter_seed_123,C:\Users\jakub\Documents\Magisterskie\DeepLearning\mobilenet\experiments\augmentation_first_part\experiments\mbv2_jitter_seed_123,jitter
14,0.4397399522675408,0.8633194259749518,0.866048743655498,0.7246961416576136,0.01,128,mbv2,123,mbv2_jitter_seed_123,C:\Users\jakub\Documents\Magisterskie\DeepLearning\mobilenet\experiments\augmentation_first_part\experiments\mbv2_jitter_seed_123,jitter
15,0.4177368688795301,0.919897268623776,0.8656217163140063,0.7156022130437638,0.01,128,mbv2,123,mbv2_jitter_seed_123,C:\Users\jakub\Documents\Magisterskie\DeepLearning\mobilenet\experiments\augmentation_first_part\experiments\mbv2_jitter_seed_123,jitter
16,0.3905363178465101,0.9190270732243856,0.8760841275936517,0.7162153455857673,0.01,128,mbv2,123,mbv2_jitter_seed_123,C:\Users\jakub\Documents\Magisterskie\DeepLearning\mobilenet\experiments\augmentation_first_part\experiments\mbv2_jitter_seed_123,jitter
17,0.3687046843634711,0.9779879119343228,0.8791061911850606,0.7109758771639537,0.01,128,mbv2,123,mbv2_jitter_seed_123,C:\Users\jakub\Documents\Magisterskie\DeepLearning\mobilenet\experiments\augmentation_first_part\experiments\mbv2_jitter_seed_123,jitter
18,0.3524475744565328,0.9592894131024678,0.8947975298872484,0.7173924541712111,0.01,128,mbv2,123,mbv2_jitter_seed_123,C:\Users\jakub\Documents\Magisterskie\DeepLearning\mobilenet\experiments\augmentation_first_part\experiments\mbv2_jitter_seed_123,jitter
19,0.3325843560218811,1.007115518230862,0.8991791202506692,0.7189855486139375,0.01,128,mbv2,123,mbv2_jitter_seed_123,C:\Users\jakub\Documents\Magisterskie\DeepLearning\mobilenet\experiments\augmentation_first_part\experiments\mbv2_jitter_seed_123,jitter
20,0.3169650004016028,0.9872625560124716,0.9104385645790314,0.7201252318156534,0.01,128,mbv2,123,mbv2_jitter_seed_123,C:\Users\jakub\Documents\Magisterskie\DeepLearning\mobilenet\experiments\augmentation_first_part\experiments\mbv2_jitter_seed_123,jitter
21,0.2968994650257958,0.9996783427768284,0.9070966817495932,0.7177243032134584,0.01,128,mbv2,123,mbv2_jitter_seed_123,C:\Users\jakub\Documents\Magisterskie\DeepLearning\mobilenet\experiments\augmentation_first_part\experiments\mbv2_jitter_seed_123,jitter
22,0.2847048621071709,1.099097540669971,0.9098323013283538,0.7130115038800541,0.01,128,mbv2,123,mbv2_jitter_seed_123,C:\Users\jakub\Documents\Magisterskie\DeepLearning\mobilenet\experiments\augmentation_first_part\experiments\mbv2_jitter_seed_123,jitter
23,0.2705200240665012,1.0411242813216317,0.9239067467723912,0.721389393631718,0.01,128,mbv2,123,mbv2_jitter_seed_123,C:\Users\jakub\Documents\Magisterskie\DeepLearning\mobilenet\experiments\augmentation_first_part\experiments\mbv2_jitter_seed_123,jitter
24,0.2584624005741543,1.0793247351381514,0.9267130386498652,0.7149434606523019,0.01,128,mbv2,123,mbv2_jitter_seed_123,C:\Users\jakub\Documents\Magisterskie\DeepLearning\mobilenet\experiments\augmentation_first_part\experiments\mbv2_jitter_seed_123,jitter
25,0.2477043737464481,1.09381689297888,0.9321429453067716,0.715132154718536,0.01,128,mbv2,123,mbv2_jitter_seed_123,C:\Users\jakub\Documents\Magisterskie\DeepLearning\mobilenet\experiments\augmentation_first_part\experiments\mbv2_jitter_seed_123,jitter
0,1.655821114985148,1.3720733980284796,0.4914293536644964,0.4855295342321389,0.01,128,mbv2,2024,mbv2_jitter_seed_2024,C:\Users\jakub\Documents\Magisterskie\DeepLearning\mobilenet\experiments\augmentation_first_part\experiments\mbv2_jitter_seed_2024,jitter
1,1.203099594476488,1.1767831277476417,0.5902361552053536,0.5776215123876776,0.01,128,mbv2,2024,mbv2_jitter_seed_2024,C:\Users\jakub\Documents\Magisterskie\DeepLearning\mobilenet\experiments\augmentation_first_part\experiments\mbv2_jitter_seed_2024,jitter
2,1.0399597755220202,1.060104313320584,0.6279134354362768,0.6156263307566917,0.01,128,mbv2,2024,mbv2_jitter_seed_2024,C:\Users\jakub\Documents\Magisterskie\DeepLearning\mobilenet\experiments\augmentation_first_part\experiments\mbv2_jitter_seed_2024,jitter
3,0.9411407285690307,0.9822527657084996,0.6739610825119513,0.6497266405860824,0.01,128,mbv2,2024,mbv2_jitter_seed_2024,C:\Users\jakub\Documents\Magisterskie\DeepLearning\mobilenet\experiments\augmentation_first_part\experiments\mbv2_jitter_seed_2024,jitter
4,0.8649070039643182,0.912314741341273,0.7102564086408166,0.6750333663939232,0.01,128,mbv2,2024,mbv2_jitter_seed_2024,C:\Users\jakub\Documents\Magisterskie\DeepLearning\mobilenet\experiments\augmentation_first_part\experiments\mbv2_jitter_seed_2024,jitter
5,0.8002116083145142,0.9214065773116218,0.7195270181971087,0.6757041196576539,0.01,128,mbv2,2024,mbv2_jitter_seed_2024,C:\Users\jakub\Documents\Magisterskie\DeepLearning\mobilenet\experiments\augmentation_first_part\experiments\mbv2_jitter_seed_2024,jitter
6,0.7441393129030863,0.8734950746218364,0.7459358098243836,0.6931714873489204,0.01,128,mbv2,2024,mbv2_jitter_seed_2024,C:\Users\jakub\Documents\Magisterskie\DeepLearning\mobilenet\experiments\augmentation_first_part\experiments\mbv2_jitter_seed_2024,jitter
7,0.6941816053602431,0.8367221666547987,0.7714179225809914,0.7052254617988036,0.01,128,mbv2,2024,mbv2_jitter_seed_2024,C:\Users\jakub\Documents\Magisterskie\DeepLearning\mobilenet\experiments\augmentation_first_part\experiments\mbv2_jitter_seed_2024,jitter
8,0.6542159789509243,0.8581103821383582,0.7709706782657223,0.7020991639629128,0.01,128,mbv2,2024,mbv2_jitter_seed_2024,C:\Users\jakub\Documents\Magisterskie\DeepLearning\mobilenet\experiments\augmentation_first_part\experiments\mbv2_jitter_seed_2024,jitter
9,0.6150135268741184,0.8369043995009529,0.7921110947268828,0.7085425287138526,0.01,128,mbv2,2024,mbv2_jitter_seed_2024,C:\Users\jakub\Documents\Magisterskie\DeepLearning\mobilenet\experiments\augmentation_first_part\experiments\mbv2_jitter_seed_2024,jitter
10,0.5769713813357883,0.835253783331977,0.8145087827171886,0.7163121846388025,0.01,128,mbv2,2024,mbv2_jitter_seed_2024,C:\Users\jakub\Documents\Magisterskie\DeepLearning\mobilenet\experiments\augmentation_first_part\experiments\mbv2_jitter_seed_2024,jitter
11,0.5427464783138699,0.8226500329865349,0.8364682771831475,0.7239153113521415,0.01,128,mbv2,2024,mbv2_jitter_seed_2024,C:\Users\jakub\Documents\Magisterskie\DeepLearning\mobilenet\experiments\augmentation_first_part\experiments\mbv2_jitter_seed_2024,jitter
12,0.5100956124517653,0.862955324988895,0.8381731299461007,0.7199472787611569,0.01,128,mbv2,2024,mbv2_jitter_seed_2024,C:\Users\jakub\Documents\Magisterskie\DeepLearning\mobilenet\experiments\augmentation_first_part\experiments\mbv2_jitter_seed_2024,jitter
13,0.4766760128762987,0.844288475312127,0.85419068559316,0.7242615205097791,0.01,128,mbv2,2024,mbv2_jitter_seed_2024,C:\Users\jakub\Documents\Magisterskie\DeepLearning\mobilenet\experiments\augmentation_first_part\experiments\mbv2_jitter_seed_2024,jitter
14,0.4490255157894558,0.8743153591103024,0.8634366093801296,0.7211351938364687,0.01,128,mbv2,2024,mbv2_jitter_seed_2024,C:\Users\jakub\Documents\Magisterskie\DeepLearning\mobilenet\experiments\augmentation_first_part\experiments\mbv2_jitter_seed_2024,jitter
15,0.4248608202563392,0.9207846965206994,0.8591576232822487,0.7103036429809442,0.01,128,mbv2,2024,mbv2_jitter_seed_2024,C:\Users\jakub\Documents\Magisterskie\DeepLearning\mobilenet\experiments\augmentation_first_part\experiments\mbv2_jitter_seed_2024,jitter
16,0.3994352228694492,0.9194862001895904,0.877102213421389,0.7179365922684335,0.01,128,mbv2,2024,mbv2_jitter_seed_2024,C:\Users\jakub\Documents\Magisterskie\DeepLearning\mobilenet\experiments\augmentation_first_part\experiments\mbv2_jitter_seed_2024,jitter
17,0.3800633252461751,0.937228969277276,0.8876355973608309,0.7202541390280908,0.01,128,mbv2,2024,mbv2_jitter_seed_2024,C:\Users\jakub\Documents\Magisterskie\DeepLearning\mobilenet\experiments\augmentation_first_part\experiments\mbv2_jitter_seed_2024,jitter
18,0.3559193284299639,0.9550250309520296,0.8817164197606002,0.7120674481415962,0.01,128,mbv2,2024,mbv2_jitter_seed_2024,C:\Users\jakub\Documents\Magisterskie\DeepLearning\mobilenet\experiments\augmentation_first_part\experiments\mbv2_jitter_seed_2024,jitter
19,0.3403566946135627,0.9760154833899604,0.8963617503692933,0.7166896662902295,0.01,128,mbv2,2024,mbv2_jitter_seed_2024,C:\Users\jakub\Documents\Magisterskie\DeepLearning\mobilenet\experiments\augmentation_first_part\experiments\mbv2_jitter_seed_2024,jitter
20,0.3181853235933515,0.9951758003446792,0.9066377111962484,0.7161325147563428,0.01,128,mbv2,2024,mbv2_jitter_seed_2024,C:\Users\jakub\Documents\Magisterskie\DeepLearning\mobilenet\experiments\augmentation_first_part\experiments\mbv2_jitter_seed_2024,jitter
21,0.3055180947727627,1.0086234601550632,0.9162443663017662,0.7188966874747003,0.01,128,mbv2,2024,mbv2_jitter_seed_2024,C:\Users\jakub\Documents\Magisterskie\DeepLearning\mobilenet\experiments\augmentation_first_part\experiments\mbv2_jitter_seed_2024,jitter
22,0.2913299578931596,1.0235588023821514,0.9167038717125328,0.7165014538852812,0.01,128,mbv2,2024,mbv2_jitter_seed_2024,C:\Users\jakub\Documents\Magisterskie\DeepLearning\mobilenet\experiments\augmentation_first_part\experiments\mbv2_jitter_seed_2024,jitter
23,0.2735164630677965,1.1100741726080576,0.91595489496645,0.7112244764536293,0.01,128,mbv2,2024,mbv2_jitter_seed_2024,C:\Users\jakub\Documents\Magisterskie\DeepLearning\mobilenet\experiments\augmentation_first_part\experiments\mbv2_jitter_seed_2024,jitter
24,0.2639828701151742,1.0517968222406175,0.9301734197942478,0.7185689418745087,0.01,128,mbv2,2024,mbv2_jitter_seed_2024,C:\Users\jakub\Documents\Magisterskie\DeepLearning\mobilenet\experiments\augmentation_first_part\experiments\mbv2_jitter_seed_2024,jitter
25,0.2483904193136427,1.0988176169289483,0.93220092442011,0.7145523574571084,0.01,128,mbv2,2024,mbv2_jitter_seed_2024,C:\Users\jakub\Documents\Magisterskie\DeepLearning\mobilenet\experiments\augmentation_first_part\experiments\mbv2_jitter_seed_2024,jitter
0,1.5864206403308443,1.3343083236588371,0.5020224472361904,0.4981141804332895,0.01,128,mbv2,42,mbv2_jitter_seed_42,C:\Users\jakub\Documents\Magisterskie\DeepLearning\mobilenet\experiments\augmentation_first_part\experiments\mbv2_jitter_seed_42,jitter
1,1.160342138587104,1.1071770388179356,0.6148384293861151,0.5988138020896435,0.01,128,mbv2,42,mbv2_jitter_seed_42,C:\Users\jakub\Documents\Magisterskie\DeepLearning\mobilenet\experiments\augmentation_first_part\experiments\mbv2_jitter_seed_42,jitter
2,1.013810869132148,1.0461531645562914,0.639849888855502,0.6206840662174646,0.01,128,mbv2,42,mbv2_jitter_seed_42,C:\Users\jakub\Documents\Magisterskie\DeepLearning\mobilenet\experiments\augmentation_first_part\experiments\mbv2_jitter_seed_42,jitter
3,0.9126723796420628,1.00000649222268,0.6682744199936772,0.6425909281625651,0.01,128,mbv2,42,mbv2_jitter_seed_42,C:\Users\jakub\Documents\Magisterskie\DeepLearning\mobilenet\experiments\augmentation_first_part\experiments\mbv2_jitter_seed_42,jitter
4,0.8343723193274604,0.9109006128735012,0.7139217469787797,0.678050805648651,0.01,128,mbv2,42,mbv2_jitter_seed_42,C:\Users\jakub\Documents\Magisterskie\DeepLearning\mobilenet\experiments\augmentation_first_part\experiments\mbv2_jitter_seed_42,jitter
5,0.772880182700687,0.8736780504173702,0.7348555261920586,0.6868492452301622,0.01,128,mbv2,42,mbv2_jitter_seed_42,C:\Users\jakub\Documents\Magisterskie\DeepLearning\mobilenet\experiments\augmentation_first_part\experiments\mbv2_jitter_seed_42,jitter
6,0.7190779663403829,0.85508011575275,0.7651027229121045,0.7037580444800844,0.01,128,mbv2,42,mbv2_jitter_seed_42,C:\Users\jakub\Documents\Magisterskie\DeepLearning\mobilenet\experiments\augmentation_first_part\experiments\mbv2_jitter_seed_42,jitter
7,0.6705456862131755,0.8477429216490852,0.7707896764032726,0.7018447650053373,0.01,128,mbv2,42,mbv2_jitter_seed_42,C:\Users\jakub\Documents\Magisterskie\DeepLearning\mobilenet\experiments\augmentation_first_part\experiments\mbv2_jitter_seed_42,jitter
8,0.6278512462086148,0.8254470353338453,0.7865394263671217,0.7100040502773312,0.01,128,mbv2,42,mbv2_jitter_seed_42,C:\Users\jakub\Documents\Magisterskie\DeepLearning\mobilenet\experiments\augmentation_first_part\experiments\mbv2_jitter_seed_42,jitter
9,0.5840675789197286,0.8339448306348589,0.8076330392212933,0.7133242227575842,0.01,128,mbv2,42,mbv2_jitter_seed_42,C:\Users\jakub\Documents\Magisterskie\DeepLearning\mobilenet\experiments\augmentation_first_part\experiments\mbv2_jitter_seed_42,jitter
10,0.5481768268373277,0.8563547824647691,0.8265662358774815,0.7184988958932453,0.01,128,mbv2,42,mbv2_jitter_seed_42,C:\Users\jakub\Documents\Magisterskie\DeepLearning\mobilenet\experiments\augmentation_first_part\experiments\mbv2_jitter_seed_42,jitter
11,0.5168846785651313,0.820704687637753,0.8432825714131325,0.7258372060286905,0.01,128,mbv2,42,mbv2_jitter_seed_42,C:\Users\jakub\Documents\Magisterskie\DeepLearning\mobilenet\experiments\augmentation_first_part\experiments\mbv2_jitter_seed_42,jitter
12,0.4828175187534756,0.8634775060918596,0.8398198710385122,0.7168707481156027,0.01,128,mbv2,42,mbv2_jitter_seed_42,C:\Users\jakub\Documents\Magisterskie\DeepLearning\mobilenet\experiments\augmentation_first_part\experiments\mbv2_jitter_seed_42,jitter
13,0.4549633297284444,0.8906278059244156,0.8446521271162014,0.7139620516484052,0.01,128,mbv2,42,mbv2_jitter_seed_42,C:\Users\jakub\Documents\Magisterskie\DeepLearning\mobilenet\experiments\augmentation_first_part\experiments\mbv2_jitter_seed_42,jitter
14,0.4298032983885871,0.8874627233293322,0.864566494735984,0.7213761182562541,0.01,128,mbv2,42,mbv2_jitter_seed_42,C:\Users\jakub\Documents\Magisterskie\DeepLearning\mobilenet\experiments\augmentation_first_part\experiments\mbv2_jitter_seed_42,jitter
15,0.4017228698995378,0.9318251047240363,0.8716585598280808,0.7204933920236909,0.01,128,mbv2,42,mbv2_jitter_seed_42,C:\Users\jakub\Documents\Magisterskie\DeepLearning\mobilenet\experiments\augmentation_first_part\experiments\mbv2_jitter_seed_42,jitter
16,0.3782636180268394,0.9177162629551358,0.883835458445283,0.7216518254945904,0.01,128,mbv2,42,mbv2_jitter_seed_42,C:\Users\jakub\Documents\Magisterskie\DeepLearning\mobilenet\experiments\augmentation_first_part\experiments\mbv2_jitter_seed_42,jitter
17,0.3585420420805613,0.948126303217146,0.9002645998264306,0.723234767969856,0.01,128,mbv2,42,mbv2_jitter_seed_42,C:\Users\jakub\Documents\Magisterskie\DeepLearning\mobilenet\experiments\augmentation_first_part\experiments\mbv2_jitter_seed_42,jitter
18,0.3363564006911383,0.9515000642723508,0.9037443667936688,0.7215445487815978,0.01,128,mbv2,42,mbv2_jitter_seed_42,C:\Users\jakub\Documents\Magisterskie\DeepLearning\mobilenet\experiments\augmentation_first_part\experiments\mbv2_jitter_seed_42,jitter
19,0.318742543750339,0.972103433725569,0.911351620860138,0.7232940544574898,0.01,128,mbv2,42,mbv2_jitter_seed_42,C:\Users\jakub\Documents\Magisterskie\DeepLearning\mobilenet\experiments\augmentation_first_part\experiments\mbv2_jitter_seed_42,jitter
20,0.3043003478103214,1.0059241937028036,0.9091234412880386,0.7175456235803679,0.01,128,mbv2,42,mbv2_jitter_seed_42,C:\Users\jakub\Documents\Magisterskie\DeepLearning\mobilenet\experiments\augmentation_first_part\experiments\mbv2_jitter_seed_42,jitter
21,0.2850609263896942,1.0031781175083585,0.9187779777672056,0.7240656394340972,0.01,128,mbv2,42,mbv2_jitter_seed_42,C:\Users\jakub\Documents\Magisterskie\DeepLearning\mobilenet\experiments\augmentation_first_part\experiments\mbv2_jitter_seed_42,jitter
22,0.2762959448602464,1.0125787854247623,0.9289583611633864,0.7253054151595584,0.01,128,mbv2,42,mbv2_jitter_seed_42,C:\Users\jakub\Documents\Magisterskie\DeepLearning\mobilenet\experiments\augmentation_first_part\experiments\mbv2_jitter_seed_42,jitter
23,0.2595182327561908,1.0392642784277597,0.9247606751813796,0.7212240057363764,0.01,128,mbv2,42,mbv2_jitter_seed_42,C:\Users\jakub\Documents\Magisterskie\DeepLearning\mobilenet\experiments\augmentation_first_part\experiments\mbv2_jitter_seed_42,jitter
24,0.2502384426169925,1.0606544832441542,0.9312357598541624,0.7190633429953464,0.01,128,mbv2,42,mbv2_jitter_seed_42,C:\Users\jakub\Documents\Magisterskie\DeepLearning\mobilenet\experiments\augmentation_first_part\experiments\mbv2_jitter_seed_42,jitter
25,0.2371086216290791,1.0734643112791908,0.9286874000135348,0.7180036161387932,0.01,128,mbv2,42,mbv2_jitter_seed_42,C:\Users\jakub\Documents\Magisterskie\DeepLearning\mobilenet\experiments\augmentation_first_part\experiments\mbv2_jitter_seed_42,jitter
0,1.6626311184565226,1.35874076523251,0.4857896459800244,0.486052067790293,0.01,128,mbv2,7,mbv2_jitter_seed_7,C:\Users\jakub\Documents\Magisterskie\DeepLearning\mobilenet\experiments\augmentation_first_part\experiments\mbv2_jitter_seed_7,jitter
1,1.1991491276423136,1.147505423503452,0.5949357378259061,0.5834782046852718,0.01,128,mbv2,7,mbv2_jitter_seed_7,C:\Users\jakub\Documents\Magisterskie\DeepLearning\mobilenet\experiments\augmentation_first_part\experiments\mbv2_jitter_seed_7,jitter
2,1.0289745112101236,1.0911375371932983,0.6277030968905557,0.6105382793276689,0.01,128,mbv2,7,mbv2_jitter_seed_7,C:\Users\jakub\Documents\Magisterskie\DeepLearning\mobilenet\experiments\augmentation_first_part\experiments\mbv2_jitter_seed_7,jitter
3,0.9253143030166626,0.9891606084929572,0.674598637391591,0.6457951576648024,0.01,128,mbv2,7,mbv2_jitter_seed_7,C:\Users\jakub\Documents\Magisterskie\DeepLearning\mobilenet\experiments\augmentation_first_part\experiments\mbv2_jitter_seed_7,jitter
4,0.8511336597336663,0.9019950102276272,0.7104152490437732,0.6735433422977626,0.01,128,mbv2,7,mbv2_jitter_seed_7,C:\Users\jakub\Documents\Magisterskie\DeepLearning\mobilenet\experiments\augmentation_first_part\experiments\mbv2_jitter_seed_7,jitter
5,0.7846269285096062,0.8934091599676344,0.7304041439549976,0.6853448492701492,0.01,128,mbv2,7,mbv2_jitter_seed_7,C:\Users\jakub\Documents\Magisterskie\DeepLearning\mobilenet\experiments\augmentation_first_part\experiments\mbv2_jitter_seed_7,jitter
6,0.7294415079964531,0.861807227230072,0.754883449105186,0.6990467877268596,0.01,128,mbv2,7,mbv2_jitter_seed_7,C:\Users\jakub\Documents\Magisterskie\DeepLearning\mobilenet\experiments\augmentation_first_part\experiments\mbv2_jitter_seed_7,jitter
7,0.6838234098540412,0.8381674585342407,0.7672203865647597,0.6987391212876668,0.01,128,mbv2,7,mbv2_jitter_seed_7,C:\Users\jakub\Documents\Magisterskie\DeepLearning\mobilenet\experiments\augmentation_first_part\experiments\mbv2_jitter_seed_7,jitter
8,0.6396607661088308,0.817013976404402,0.8005096390457034,0.7192832234489581,0.01,128,mbv2,7,mbv2_jitter_seed_7,C:\Users\jakub\Documents\Magisterskie\DeepLearning\mobilenet\experiments\augmentation_first_part\experiments\mbv2_jitter_seed_7,jitter
9,0.5993976909478506,0.823845679028829,0.8032516930740881,0.7149969702048791,0.01,128,mbv2,7,mbv2_jitter_seed_7,C:\Users\jakub\Documents\Magisterskie\DeepLearning\mobilenet\experiments\augmentation_first_part\experiments\mbv2_jitter_seed_7,jitter
10,0.563401806810167,0.8137565759446885,0.8271310822012682,0.7224930481404482,0.01,128,mbv2,7,mbv2_jitter_seed_7,C:\Users\jakub\Documents\Magisterskie\DeepLearning\mobilenet\experiments\augmentation_first_part\experiments\mbv2_jitter_seed_7,jitter
11,0.5279652126100328,0.8158999279340108,0.8392838629774463,0.7217315389149885,0.01,128,mbv2,7,mbv2_jitter_seed_7,C:\Users\jakub\Documents\Magisterskie\DeepLearning\mobilenet\experiments\augmentation_first_part\experiments\mbv2_jitter_seed_7,jitter
12,0.4975447194099426,0.8664382194730971,0.836345052255467,0.7169407036484804,0.01,128,mbv2,7,mbv2_jitter_seed_7,C:\Users\jakub\Documents\Magisterskie\DeepLearning\mobilenet\experiments\augmentation_first_part\experiments\mbv2_jitter_seed_7,jitter
13,0.4699930810186598,0.8576112472746107,0.8599008525956251,0.7268810659112303,0.01,128,mbv2,7,mbv2_jitter_seed_7,C:\Users\jakub\Documents\Magisterskie\DeepLearning\mobilenet\experiments\augmentation_first_part\experiments\mbv2_jitter_seed_7,jitter
14,0.4428571906619601,0.8735536031987932,0.8598669693593127,0.7199971783394898,0.01,128,mbv2,7,mbv2_jitter_seed_7,C:\Users\jakub\Documents\Magisterskie\DeepLearning\mobilenet\experiments\augmentation_first_part\experiments\mbv2_jitter_seed_7,jitter
15,0.4159578473620944,0.9038256195280286,0.8748836052720288,0.7212542107546706,0.01,128,mbv2,7,mbv2_jitter_seed_7,C:\Users\jakub\Documents\Magisterskie\DeepLearning\mobilenet\experiments\augmentation_first_part\experiments\mbv2_jitter_seed_7,jitter
16,0.394238699637519,0.9038840882672204,0.8866979427207988,0.7227075655631032,0.01,128,mbv2,7,mbv2_jitter_seed_7,C:\Users\jakub\Documents\Magisterskie\DeepLearning\mobilenet\experiments\augmentation_first_part\experiments\mbv2_jitter_seed_7,jitter
17,0.3709043490303887,0.9400372489081488,0.8857795462804667,0.7198650112101969,0.01,128,mbv2,7,mbv2_jitter_seed_7,C:\Users\jakub\Documents\Magisterskie\DeepLearning\mobilenet\experiments\augmentation_first_part\experiments\mbv2_jitter_seed_7,jitter
18,0.3508431591987609,0.954019110472997,0.8913753420124092,0.7175822529222763,0.01,128,mbv2,7,mbv2_jitter_seed_7,C:\Users\jakub\Documents\Magisterskie\DeepLearning\mobilenet\experiments\augmentation_first_part\experiments\mbv2_jitter_seed_7,jitter
19,0.3322800105995602,0.9698147539138794,0.8998070773672504,0.7217542682529485,0.01,128,mbv2,7,mbv2_jitter_seed_7,C:\Users\jakub\Documents\Magisterskie\DeepLearning\mobilenet\experiments\augmentation_first_part\experiments\mbv2_jitter_seed_7,jitter
20,0.3172960471365187,0.9756139048576355,0.9128343983733462,0.7229697563400782,0.01,128,mbv2,7,mbv2_jitter_seed_7,C:\Users\jakub\Documents\Magisterskie\DeepLearning\mobilenet\experiments\augmentation_first_part\experiments\mbv2_jitter_seed_7,jitter
21,0.2986017849657271,1.06310682015419,0.9020650407996798,0.7116633483941028,0.01,128,mbv2,7,mbv2_jitter_seed_7,C:\Users\jakub\Documents\Magisterskie\DeepLearning\mobilenet\experiments\augmentation_first_part\experiments\mbv2_jitter_seed_7,jitter
22,0.2845381523503197,1.0186453514840867,0.921211832779646,0.7201067125616468,0.01,128,mbv2,7,mbv2_jitter_seed_7,C:\Users\jakub\Documents\Magisterskie\DeepLearning\mobilenet\experiments\augmentation_first_part\experiments\mbv2_jitter_seed_7,jitter
23,0.2720605862723456,1.028805435127682,0.9246954656477951,0.7234074718205381,0.01,128,mbv2,7,mbv2_jitter_seed_7,C:\Users\jakub\Documents\Magisterskie\DeepLearning\mobilenet\experiments\augmentation_first_part\experiments\mbv2_jitter_seed_7,jitter
24,0.2587890050888061,1.0633978021833632,0.9229671482150804,0.7189388937632188,0.01,128,mbv2,7,mbv2_jitter_seed_7,C:\Users\jakub\Documents\Magisterskie\DeepLearning\mobilenet\experiments\augmentation_first_part\experiments\mbv2_jitter_seed_7,jitter
25,0.2464204996003045,1.075171416706509,0.9363621206368612,0.722882890013847,0.01,128,mbv2,7,mbv2_jitter_seed_7,C:\Users\jakub\Documents\Magisterskie\DeepLearning\mobilenet\experiments\augmentation_first_part\experiments\mbv2_jitter_seed_7,jitter
0,1.6522964418199326,1.396142624505361,0.4812329877659852,0.4755483477756582,0.01,128,mbv2,999,mbv2_jitter_seed_999,C:\Users\jakub\Documents\Magisterskie\DeepLearning\mobilenet\experiments\augmentation_first_part\experiments\mbv2_jitter_seed_999,jitter
1,1.199105774614546,1.275985079850091,0.5529347169584669,0.5425005423575345,0.01,128,mbv2,999,mbv2_jitter_seed_999,C:\Users\jakub\Documents\Magisterskie\DeepLearning\mobilenet\experiments\augmentation_first_part\experiments\mbv2_jitter_seed_999,jitter
2,1.036490487554338,1.0866207055621675,0.6426590994605852,0.6210635177379091,0.01,128,mbv2,999,mbv2_jitter_seed_999,C:\Users\jakub\Documents\Magisterskie\DeepLearning\mobilenet\experiments\augmentation_first_part\experiments\mbv2_jitter_seed_999,jitter
3,0.9327371682273016,0.9584091723018222,0.6866925610017929,0.6569031779502706,0.01,128,mbv2,999,mbv2_jitter_seed_999,C:\Users\jakub\Documents\Magisterskie\DeepLearning\mobilenet\experiments\augmentation_first_part\experiments\mbv2_jitter_seed_999,jitter
4,0.8495885641098022,0.956937461037106,0.6942849287894488,0.6583859373889484,0.01,128,mbv2,999,mbv2_jitter_seed_999,C:\Users\jakub\Documents\Magisterskie\DeepLearning\mobilenet\experiments\augmentation_first_part\experiments\mbv2_jitter_seed_999,jitter
5,0.7822987772729662,0.8771721350775825,0.7407601770833704,0.6885516746613829,0.01,128,mbv2,999,mbv2_jitter_seed_999,C:\Users\jakub\Documents\Magisterskie\DeepLearning\mobilenet\experiments\augmentation_first_part\experiments\mbv2_jitter_seed_999,jitter
6,0.7317408416748047,0.8771023423989613,0.7472639564561786,0.690498653614593,0.01,128,mbv2,999,mbv2_jitter_seed_999,C:\Users\jakub\Documents\Magisterskie\DeepLearning\mobilenet\experiments\augmentation_first_part\experiments\mbv2_jitter_seed_999,jitter
7,0.6787593289905124,0.8385329352378845,0.7814304398730378,0.7072271482196786,0.01,128,mbv2,999,mbv2_jitter_seed_999,C:\Users\jakub\Documents\Magisterskie\DeepLearning\mobilenet\experiments\augmentation_first_part\experiments\mbv2_jitter_seed_999,jitter
8,0.6358151551670498,0.8082797425905863,0.8035026395279721,0.7175893902150505,0.01,128,mbv2,999,mbv2_jitter_seed_999,C:\Users\jakub\Documents\Magisterskie\DeepLearning\mobilenet\experiments\augmentation_first_part\experiments\mbv2_jitter_seed_999,jitter
9,0.5964538359430102,0.8102198201921251,0.8159174124204982,0.717046306188122,0.01,128,mbv2,999,mbv2_jitter_seed_999,C:\Users\jakub\Documents\Magisterskie\DeepLearning\mobilenet\experiments\augmentation_first_part\experiments\mbv2_jitter_seed_999,jitter
10,0.5576483325746324,0.8291066108173795,0.8231317803198129,0.7144830570810287,0.01,128,mbv2,999,mbv2_jitter_seed_999,C:\Users\jakub\Documents\Magisterskie\DeepLearning\mobilenet\experiments\augmentation_first_part\experiments\mbv2_jitter_seed_999,jitter
11,0.5247787961324056,0.8615826939688789,0.8311330532387234,0.7113306244119411,0.01,128,mbv2,999,mbv2_jitter_seed_999,C:\Users\jakub\Documents\Magisterskie\DeepLearning\mobilenet\experiments\augmentation_first_part\experiments\mbv2_jitter_seed_999,jitter
12,0.4930433266639709,0.8356395318508149,0.8515724574549187,0.7183924997293637,0.01,128,mbv2,999,mbv2_jitter_seed_999,C:\Users\jakub\Documents\Magisterskie\DeepLearning\mobilenet\experiments\augmentation_first_part\experiments\mbv2_jitter_seed_999,jitter
13,0.46278202852673,0.858060645506117,0.8646222192231404,0.7221422927028032,0.01,128,mbv2,999,mbv2_jitter_seed_999,C:\Users\jakub\Documents\Magisterskie\DeepLearning\mobilenet\experiments\augmentation_first_part\experiments\mbv2_jitter_seed_999,jitter
14,0.4372900926325056,0.9088319989098445,0.866825127984189,0.7175267536155601,0.01,128,mbv2,999,mbv2_jitter_seed_999,C:\Users\jakub\Documents\Magisterskie\DeepLearning\mobilenet\experiments\augmentation_first_part\experiments\mbv2_jitter_seed_999,jitter
15,0.4127635535928938,0.925780214828915,0.8739429688583515,0.7157756317211998,0.01,128,mbv2,999,mbv2_jitter_seed_999,C:\Users\jakub\Documents\Magisterskie\DeepLearning\mobilenet\experiments\augmentation_first_part\experiments\mbv2_jitter_seed_999,jitter
16,0.3884582951015896,0.9221553623199464,0.8900984947179114,0.7223760617644858,0.01,128,mbv2,999,mbv2_jitter_seed_999,C:\Users\jakub\Documents\Magisterskie\DeepLearning\mobilenet\experiments\augmentation_first_part\experiments\mbv2_jitter_seed_999,jitter
17,0.3634447757403056,0.9825270664162106,0.8834832070527519,0.710507874421251,0.01,128,mbv2,999,mbv2_jitter_seed_999,C:\Users\jakub\Documents\Magisterskie\DeepLearning\mobilenet\experiments\augmentation_first_part\experiments\mbv2_jitter_seed_999,jitter
18,0.3451502395682865,0.968344505352444,0.9033780868379704,0.7169125484984556,0.01,128,mbv2,999,mbv2_jitter_seed_999,C:\Users\jakub\Documents\Magisterskie\DeepLearning\mobilenet\experiments\augmentation_first_part\experiments\mbv2_jitter_seed_999,jitter
19,0.3266364131556616,1.0256896229637993,0.9026685588547972,0.7105782217546059,0.01,128,mbv2,999,mbv2_jitter_seed_999,C:\Users\jakub\Documents\Magisterskie\DeepLearning\mobilenet\experiments\augmentation_first_part\experiments\mbv2_jitter_seed_999,jitter
20,0.3072381627824571,1.0523561522165934,0.9055545545775312,0.7146135054702792,0.01,128,mbv2,999,mbv2_jitter_seed_999,C:\Users\jakub\Documents\Magisterskie\DeepLearning\mobilenet\experiments\augmentation_first_part\experiments\mbv2_jitter_seed_999,jitter
21,0.2955047789626651,1.047458891275194,0.9124718731816536,0.7127937802662203,0.01,128,mbv2,999,mbv2_jitter_seed_999,C:\Users\jakub\Documents\Magisterskie\DeepLearning\mobilenet\experiments\augmentation_first_part\experiments\mbv2_jitter_seed_999,jitter
22,0.2774164760748545,1.0714663705719842,0.9233729071973328,0.713723723899956,0.01,128,mbv2,999,mbv2_jitter_seed_999,C:\Users\jakub\Documents\Magisterskie\DeepLearning\mobilenet\experiments\augmentation_first_part\experiments\mbv2_jitter_seed_999,jitter
23,0.2651829034699334,1.1232073590013716,0.9244411969198856,0.7115257191049229,0.01,128,mbv2,999,mbv2_jitter_seed_999,C:\Users\jakub\Documents\Magisterskie\DeepLearning\mobilenet\experiments\augmentation_first_part\experiments\mbv2_jitter_seed_999,jitter
24,0.256062640537156,1.1125533190833197,0.9272617007799064,0.7105193798142206,0.01,128,mbv2,999,mbv2_jitter_seed_999,C:\Users\jakub\Documents\Magisterskie\DeepLearning\mobilenet\experiments\augmentation_first_part\experiments\mbv2_jitter_seed_999,jitter
25,0.2430483889420827,1.1827032209661272,0.9156733095094208,0.7041090177012163,0.01,128,mbv2,999,mbv2_jitter_seed_999,C:\Users\jakub\Documents\Magisterskie\DeepLearning\mobilenet\experiments\augmentation_first_part\experiments\mbv2_jitter_seed_999,jitter
