epoch,train_loss,val_loss,train_f1_macro,val_f1_macro,lr,batch_size,arch,seed,run_name,run_dir
0,1.6682760457144843,1.4439048655933804,0.4521111872553817,0.443335377320558,0.01,128,mbv2_random,123,mbv2_random_seed_123,C:\Users\jakub\Documents\Magisterskie\DeepLearning\mobilenet\experiments\augmentation_advanced_random\advanced_random\mbv2_random_seed_123
1,1.2637658526950413,1.230955829641554,0.5537246987952676,0.5440036709312388,0.01,128,mbv2_random,123,mbv2_random_seed_123,C:\Users\jakub\Documents\Magisterskie\DeepLearning\mobilenet\experiments\augmentation_advanced_random\advanced_random\mbv2_random_seed_123
2,1.105152233865526,1.1182384442223443,0.6177695449038285,0.6006618656157859,0.01,128,mbv2_random,123,mbv2_random_seed_123,C:\Users\jakub\Documents\Magisterskie\DeepLearning\mobilenet\experiments\augmentation_advanced_random\advanced_random\mbv2_random_seed_123
3,1.0054689350763957,0.9378613405227662,0.6940635512118918,0.6668976207389802,0.01,128,mbv2_random,123,mbv2_random_seed_123,C:\Users\jakub\Documents\Magisterskie\DeepLearning\mobilenet\experiments\augmentation_advanced_random\advanced_random\mbv2_random_seed_123
4,0.9271254300011528,0.9013489737616645,0.7130789099343826,0.6821508626712051,0.01,128,mbv2_random,123,mbv2_random_seed_123,C:\Users\jakub\Documents\Magisterskie\DeepLearning\mobilenet\experiments\augmentation_advanced_random\advanced_random\mbv2_random_seed_123
5,0.8661603443569608,0.8820482203377618,0.7222475394192097,0.690120209697269,0.01,128,mbv2_random,123,mbv2_random_seed_123,C:\Users\jakub\Documents\Magisterskie\DeepLearning\mobilenet\experiments\augmentation_advanced_random\advanced_random\mbv2_random_seed_123
6,0.818489323732588,0.7986343366252051,0.7539370082764384,0.7093065858427015,0.01,128,mbv2_random,123,mbv2_random_seed_123,C:\Users\jakub\Documents\Magisterskie\DeepLearning\mobilenet\experiments\augmentation_advanced_random\advanced_random\mbv2_random_seed_123
7,0.7740480980343288,0.7674303499115838,0.7766839764862029,0.7289171279051657,0.01,128,mbv2_random,123,mbv2_random_seed_123,C:\Users\jakub\Documents\Magisterskie\DeepLearning\mobilenet\experiments\augmentation_advanced_random\advanced_random\mbv2_random_seed_123
8,0.7426032634629144,0.7727097766240438,0.7798255825412402,0.7220257076491993,0.01,128,mbv2_random,123,mbv2_random_seed_123,C:\Users\jakub\Documents\Magisterskie\DeepLearning\mobilenet\experiments\augmentation_advanced_random\advanced_random\mbv2_random_seed_123
9,0.7114701477792528,0.7549654082457224,0.7979496756670469,0.7317673747637125,0.01,128,mbv2_random,123,mbv2_random_seed_123,C:\Users\jakub\Documents\Magisterskie\DeepLearning\mobilenet\experiments\augmentation_advanced_random\advanced_random\mbv2_random_seed_123
10,0.6820428375456068,0.7589289897653791,0.802025155715423,0.734684322311125,0.01,128,mbv2_random,123,mbv2_random_seed_123,C:\Users\jakub\Documents\Magisterskie\DeepLearning\mobilenet\experiments\augmentation_advanced_random\advanced_random\mbv2_random_seed_123
11,0.659812036397722,0.7239419680701362,0.821151949473266,0.7438434318141949,0.01,128,mbv2_random,123,mbv2_random_seed_123,C:\Users\jakub\Documents\Magisterskie\DeepLearning\mobilenet\experiments\augmentation_advanced_random\advanced_random\mbv2_random_seed_123
12,0.6360331635157267,0.7362662121189966,0.8266159260974126,0.7430836325885899,0.01,128,mbv2_random,123,mbv2_random_seed_123,C:\Users\jakub\Documents\Magisterskie\DeepLearning\mobilenet\experiments\augmentation_advanced_random\advanced_random\mbv2_random_seed_123
13,0.6145167872958713,0.7261528571075864,0.8415677236168776,0.7511384916213883,0.01,128,mbv2_random,123,mbv2_random_seed_123,C:\Users\jakub\Documents\Magisterskie\DeepLearning\mobilenet\experiments\augmentation_advanced_random\advanced_random\mbv2_random_seed_123
14,0.5991861912727356,0.7314213159614139,0.8399898088770886,0.7491796278866754,0.01,128,mbv2_random,123,mbv2_random_seed_123,C:\Users\jakub\Documents\Magisterskie\DeepLearning\mobilenet\experiments\augmentation_advanced_random\advanced_random\mbv2_random_seed_123
15,0.5801771321614584,0.7393564090834723,0.8453830560461515,0.7479682457115244,0.01,128,mbv2_random,123,mbv2_random_seed_123,C:\Users\jakub\Documents\Magisterskie\DeepLearning\mobilenet\experiments\augmentation_advanced_random\advanced_random\mbv2_random_seed_123
16,0.563493101729287,0.7162291349411011,0.8565769566159961,0.7537826401978729,0.01,128,mbv2_random,123,mbv2_random_seed_123,C:\Users\jakub\Documents\Magisterskie\DeepLearning\mobilenet\experiments\augmentation_advanced_random\advanced_random\mbv2_random_seed_123
17,0.5468965383635627,0.7293626373185051,0.8603866109349365,0.7511096593551262,0.01,128,mbv2_random,123,mbv2_random_seed_123,C:\Users\jakub\Documents\Magisterskie\DeepLearning\mobilenet\experiments\augmentation_advanced_random\advanced_random\mbv2_random_seed_123
18,0.5344636963950263,0.7412732750786676,0.8633711486735127,0.749318540369887,0.01,128,mbv2_random,123,mbv2_random_seed_123,C:\Users\jakub\Documents\Magisterskie\DeepLearning\mobilenet\experiments\augmentation_advanced_random\advanced_random\mbv2_random_seed_123
19,0.5243455738491483,0.7416906635284424,0.8634455874643139,0.7469971822975362,0.01,128,mbv2_random,123,mbv2_random_seed_123,C:\Users\jakub\Documents\Magisterskie\DeepLearning\mobilenet\experiments\augmentation_advanced_random\advanced_random\mbv2_random_seed_123
20,0.5074768626213074,0.7405192051887513,0.8732163359327864,0.75173143062754,0.01,128,mbv2_random,123,mbv2_random_seed_123,C:\Users\jakub\Documents\Magisterskie\DeepLearning\mobilenet\experiments\augmentation_advanced_random\advanced_random\mbv2_random_seed_123
21,0.4972981088850233,0.7247437676058875,0.8808535928789389,0.7561562736036943,0.01,128,mbv2_random,123,mbv2_random_seed_123,C:\Users\jakub\Documents\Magisterskie\DeepLearning\mobilenet\experiments\augmentation_advanced_random\advanced_random\mbv2_random_seed_123
22,0.4841957134882609,0.7440942631456587,0.8841031967865615,0.7559847110790663,0.01,128,mbv2_random,123,mbv2_random_seed_123,C:\Users\jakub\Documents\Magisterskie\DeepLearning\mobilenet\experiments\augmentation_advanced_random\advanced_random\mbv2_random_seed_123
23,0.4762379136509365,0.7145252485805088,0.8937527452634411,0.7595601845364561,0.01,128,mbv2_random,123,mbv2_random_seed_123,C:\Users\jakub\Documents\Magisterskie\DeepLearning\mobilenet\experiments\augmentation_advanced_random\advanced_random\mbv2_random_seed_123
24,0.4687692449887594,0.7335746272669899,0.8985945525976051,0.7607140852987591,0.01,128,mbv2_random,123,mbv2_random_seed_123,C:\Users\jakub\Documents\Magisterskie\DeepLearning\mobilenet\experiments\augmentation_advanced_random\advanced_random\mbv2_random_seed_123
25,0.4577287310070462,0.7262231325785319,0.9063176540683052,0.7619685604819763,0.01,128,mbv2_random,123,mbv2_random_seed_123,C:\Users\jakub\Documents\Magisterskie\DeepLearning\mobilenet\experiments\augmentation_advanced_random\advanced_random\mbv2_random_seed_123
0,1.64578393734826,1.360747600258721,0.4907861590461866,0.4819629389384994,0.01,128,mbv2_random,2024,mbv2_random_seed_2024,C:\Users\jakub\Documents\Magisterskie\DeepLearning\mobilenet\experiments\augmentation_advanced_random\advanced_random\mbv2_random_seed_2024
1,1.2736187015745375,1.1465793427785238,0.596526959145831,0.5832822546865614,0.01,128,mbv2_random,2024,mbv2_random_seed_2024,C:\Users\jakub\Documents\Magisterskie\DeepLearning\mobilenet\experiments\augmentation_advanced_random\advanced_random\mbv2_random_seed_2024
2,1.1133389920764498,1.072183333184984,0.626536467326275,0.6094842434321606,0.01,128,mbv2_random,2024,mbv2_random_seed_2024,C:\Users\jakub\Documents\Magisterskie\DeepLearning\mobilenet\experiments\augmentation_advanced_random\advanced_random\mbv2_random_seed_2024
3,1.0064346893734402,1.0038805175569323,0.6622786375495868,0.6404367586746778,0.01,128,mbv2_random,2024,mbv2_random_seed_2024,C:\Users\jakub\Documents\Magisterskie\DeepLearning\mobilenet\experiments\augmentation_advanced_random\advanced_random\mbv2_random_seed_2024
4,0.9293100106981066,0.8787973173035516,0.717478671467862,0.6875442316516089,0.01,128,mbv2_random,2024,mbv2_random_seed_2024,C:\Users\jakub\Documents\Magisterskie\DeepLearning\mobilenet\experiments\augmentation_advanced_random\advanced_random\mbv2_random_seed_2024
5,0.8658567922592163,0.9361733617888556,0.6986141627237938,0.6659995592183204,0.01,128,mbv2_random,2024,mbv2_random_seed_2024,C:\Users\jakub\Documents\Magisterskie\DeepLearning\mobilenet\experiments\augmentation_advanced_random\advanced_random\mbv2_random_seed_2024
6,0.8197348036766052,0.8341971849441528,0.7479225742652249,0.7056025516230683,0.01,128,mbv2_random,2024,mbv2_random_seed_2024,C:\Users\jakub\Documents\Magisterskie\DeepLearning\mobilenet\experiments\augmentation_advanced_random\advanced_random\mbv2_random_seed_2024
7,0.7766647884580824,0.773423024834527,0.7737111691703515,0.7229315048157874,0.01,128,mbv2_random,2024,mbv2_random_seed_2024,C:\Users\jakub\Documents\Magisterskie\DeepLearning\mobilenet\experiments\augmentation_advanced_random\advanced_random\mbv2_random_seed_2024
8,0.7417879571808709,0.7762890709188249,0.7820251074706641,0.7236990438476136,0.01,128,mbv2_random,2024,mbv2_random_seed_2024,C:\Users\jakub\Documents\Magisterskie\DeepLearning\mobilenet\experiments\augmentation_advanced_random\advanced_random\mbv2_random_seed_2024
9,0.7138730317433675,0.7694903996891446,0.7931211127530898,0.7300544934025803,0.01,128,mbv2_random,2024,mbv2_random_seed_2024,C:\Users\jakub\Documents\Magisterskie\DeepLearning\mobilenet\experiments\augmentation_advanced_random\advanced_random\mbv2_random_seed_2024
10,0.6853847669177585,0.7527389914830526,0.806007162492889,0.736707155800722,0.01,128,mbv2_random,2024,mbv2_random_seed_2024,C:\Users\jakub\Documents\Magisterskie\DeepLearning\mobilenet\experiments\augmentation_advanced_random\advanced_random\mbv2_random_seed_2024
11,0.6608912804550595,0.7531106659889221,0.809672700125982,0.7338936777660983,0.01,128,mbv2_random,2024,mbv2_random_seed_2024,C:\Users\jakub\Documents\Magisterskie\DeepLearning\mobilenet\experiments\augmentation_advanced_random\advanced_random\mbv2_random_seed_2024
12,0.6391592303593954,0.8001979229132334,0.8008656923840091,0.72269926874107,0.01,128,mbv2_random,2024,mbv2_random_seed_2024,C:\Users\jakub\Documents\Magisterskie\DeepLearning\mobilenet\experiments\augmentation_advanced_random\advanced_random\mbv2_random_seed_2024
13,0.6168475631078084,0.7429546923531426,0.8293151553959206,0.7428587862027051,0.01,128,mbv2_random,2024,mbv2_random_seed_2024,C:\Users\jakub\Documents\Magisterskie\DeepLearning\mobilenet\experiments\augmentation_advanced_random\advanced_random\mbv2_random_seed_2024
14,0.5972364665879144,0.720878850587209,0.8437236789610241,0.7492528222479767,0.01,128,mbv2_random,2024,mbv2_random_seed_2024,C:\Users\jakub\Documents\Magisterskie\DeepLearning\mobilenet\experiments\augmentation_advanced_random\advanced_random\mbv2_random_seed_2024
15,0.5829138787534501,0.7183954273806678,0.851141379735188,0.752264000843775,0.01,128,mbv2_random,2024,mbv2_random_seed_2024,C:\Users\jakub\Documents\Magisterskie\DeepLearning\mobilenet\experiments\augmentation_advanced_random\advanced_random\mbv2_random_seed_2024
16,0.5650458695835537,0.7199477892027961,0.8619568732010221,0.753290640393104,0.01,128,mbv2_random,2024,mbv2_random_seed_2024,C:\Users\jakub\Documents\Magisterskie\DeepLearning\mobilenet\experiments\augmentation_advanced_random\advanced_random\mbv2_random_seed_2024
17,0.5495513981819152,0.7416041953881581,0.8572121290774163,0.7490430400621951,0.01,128,mbv2_random,2024,mbv2_random_seed_2024,C:\Users\jakub\Documents\Magisterskie\DeepLearning\mobilenet\experiments\augmentation_advanced_random\advanced_random\mbv2_random_seed_2024
18,0.5376355287763808,0.7419525529596541,0.8649407279706492,0.751415307007035,0.01,128,mbv2_random,2024,mbv2_random_seed_2024,C:\Users\jakub\Documents\Magisterskie\DeepLearning\mobilenet\experiments\augmentation_advanced_random\advanced_random\mbv2_random_seed_2024
19,0.5261572531170315,0.7324662140793271,0.8703707661601096,0.7531896183511655,0.01,128,mbv2_random,2024,mbv2_random_seed_2024,C:\Users\jakub\Documents\Magisterskie\DeepLearning\mobilenet\experiments\augmentation_advanced_random\advanced_random\mbv2_random_seed_2024
20,0.5102485572603014,0.7240391677141189,0.8793496667169732,0.7551658796812577,0.01,128,mbv2_random,2024,mbv2_random_seed_2024,C:\Users\jakub\Documents\Magisterskie\DeepLearning\mobilenet\experiments\augmentation_advanced_random\advanced_random\mbv2_random_seed_2024
21,0.4992123226801554,0.7681118329683939,0.8747182476606257,0.7490697134948807,0.01,128,mbv2_random,2024,mbv2_random_seed_2024,C:\Users\jakub\Documents\Magisterskie\DeepLearning\mobilenet\experiments\augmentation_advanced_random\advanced_random\mbv2_random_seed_2024
22,0.4860723042064243,0.7377785225073497,0.8894442919529835,0.754727608570591,0.01,128,mbv2_random,2024,mbv2_random_seed_2024,C:\Users\jakub\Documents\Magisterskie\DeepLearning\mobilenet\experiments\augmentation_advanced_random\advanced_random\mbv2_random_seed_2024
23,0.4763884560055202,0.731346765671836,0.8957668715034085,0.7581410892328957,0.01,128,mbv2_random,2024,mbv2_random_seed_2024,C:\Users\jakub\Documents\Magisterskie\DeepLearning\mobilenet\experiments\augmentation_advanced_random\advanced_random\mbv2_random_seed_2024
24,0.4662489152484469,0.7361318870597415,0.895712482564195,0.7554194667690635,0.01,128,mbv2_random,2024,mbv2_random_seed_2024,C:\Users\jakub\Documents\Magisterskie\DeepLearning\mobilenet\experiments\augmentation_advanced_random\advanced_random\mbv2_random_seed_2024
25,0.4590759506649441,0.768682109758589,0.8953030689330144,0.7533484067407689,0.01,128,mbv2_random,2024,mbv2_random_seed_2024,C:\Users\jakub\Documents\Magisterskie\DeepLearning\mobilenet\experiments\augmentation_advanced_random\advanced_random\mbv2_random_seed_2024
0,1.6390787818696764,1.4871188941531712,0.4457555699267979,0.4425356836853992,0.01,128,mbv2_random,42,mbv2_random_seed_42,C:\Users\jakub\Documents\Magisterskie\DeepLearning\mobilenet\experiments\augmentation_advanced_random\advanced_random\mbv2_random_seed_42
1,1.257842223739624,1.156673470433553,0.5890711867377574,0.5714807492392052,0.01,128,mbv2_random,42,mbv2_random_seed_42,C:\Users\jakub\Documents\Magisterskie\DeepLearning\mobilenet\experiments\augmentation_advanced_random\advanced_random\mbv2_random_seed_42
2,1.110094818072849,1.1285447424676682,0.6033860460166511,0.5835607636212709,0.01,128,mbv2_random,42,mbv2_random_seed_42,C:\Users\jakub\Documents\Magisterskie\DeepLearning\mobilenet\experiments\augmentation_advanced_random\advanced_random\mbv2_random_seed_42
3,1.014762008942498,1.0803803629663256,0.6446153111366362,0.6208008769530855,0.01,128,mbv2_random,42,mbv2_random_seed_42,C:\Users\jakub\Documents\Magisterskie\DeepLearning\mobilenet\experiments\augmentation_advanced_random\advanced_random\mbv2_random_seed_42
4,0.9412173255178664,0.9248995482656692,0.6996689577836097,0.6648074440914341,0.01,128,mbv2_random,42,mbv2_random_seed_42,C:\Users\jakub\Documents\Magisterskie\DeepLearning\mobilenet\experiments\augmentation_advanced_random\advanced_random\mbv2_random_seed_42
5,0.8819321583112081,0.913022171020508,0.7121715968695772,0.6741734730872995,0.01,128,mbv2_random,42,mbv2_random_seed_42,C:\Users\jakub\Documents\Magisterskie\DeepLearning\mobilenet\experiments\augmentation_advanced_random\advanced_random\mbv2_random_seed_42
6,0.8352917115953233,0.8431080148590936,0.7388204340144948,0.6954580048267571,0.01,128,mbv2_random,42,mbv2_random_seed_42,C:\Users\jakub\Documents\Magisterskie\DeepLearning\mobilenet\experiments\augmentation_advanced_random\advanced_random\mbv2_random_seed_42
7,0.7926993154737685,0.8143062703026666,0.7590148162489541,0.7066088801729402,0.01,128,mbv2_random,42,mbv2_random_seed_42,C:\Users\jakub\Documents\Magisterskie\DeepLearning\mobilenet\experiments\augmentation_advanced_random\advanced_random\mbv2_random_seed_42
8,0.7565282347149319,0.7755362193637424,0.7835593722964249,0.7237816220729132,0.01,128,mbv2_random,42,mbv2_random_seed_42,C:\Users\jakub\Documents\Magisterskie\DeepLearning\mobilenet\experiments\augmentation_advanced_random\advanced_random\mbv2_random_seed_42
9,0.7235981989648607,0.8146634702152676,0.765552963410237,0.7077208613087473,0.01,128,mbv2_random,42,mbv2_random_seed_42,C:\Users\jakub\Documents\Magisterskie\DeepLearning\mobilenet\experiments\augmentation_advanced_random\advanced_random\mbv2_random_seed_42
10,0.698478257645501,0.7619096102688048,0.8008976307938898,0.7304906024226201,0.01,128,mbv2_random,42,mbv2_random_seed_42,C:\Users\jakub\Documents\Magisterskie\DeepLearning\mobilenet\experiments\augmentation_advanced_random\advanced_random\mbv2_random_seed_42
11,0.6719895844459534,0.7705131848547194,0.8058410141441282,0.7317561221294389,0.01,128,mbv2_random,42,mbv2_random_seed_42,C:\Users\jakub\Documents\Magisterskie\DeepLearning\mobilenet\experiments\augmentation_advanced_random\advanced_random\mbv2_random_seed_42
12,0.6510578109741211,0.7364419592115614,0.821250696887641,0.7377408200745452,0.01,128,mbv2_random,42,mbv2_random_seed_42,C:\Users\jakub\Documents\Magisterskie\DeepLearning\mobilenet\experiments\augmentation_advanced_random\advanced_random\mbv2_random_seed_42
13,0.6293738074938456,0.7509977952639262,0.8273514042503518,0.7386249193474657,0.01,128,mbv2_random,42,mbv2_random_seed_42,C:\Users\jakub\Documents\Magisterskie\DeepLearning\mobilenet\experiments\augmentation_advanced_random\advanced_random\mbv2_random_seed_42
14,0.61150929590861,0.7383079735014174,0.8398844158437218,0.7439641437348808,0.01,128,mbv2_random,42,mbv2_random_seed_42,C:\Users\jakub\Documents\Magisterskie\DeepLearning\mobilenet\experiments\augmentation_advanced_random\advanced_random\mbv2_random_seed_42
15,0.5922060953882006,0.72250470439593,0.8472756596951813,0.7456839869608667,0.01,128,mbv2_random,42,mbv2_random_seed_42,C:\Users\jakub\Documents\Magisterskie\DeepLearning\mobilenet\experiments\augmentation_advanced_random\advanced_random\mbv2_random_seed_42
16,0.5778562729305691,0.7149273534456889,0.8575307923869204,0.752661006185491,0.01,128,mbv2_random,42,mbv2_random_seed_42,C:\Users\jakub\Documents\Magisterskie\DeepLearning\mobilenet\experiments\augmentation_advanced_random\advanced_random\mbv2_random_seed_42
17,0.5576642255995009,0.7513796371380488,0.8550686591376969,0.7440348523580752,0.01,128,mbv2_random,42,mbv2_random_seed_42,C:\Users\jakub\Documents\Magisterskie\DeepLearning\mobilenet\experiments\augmentation_advanced_random\advanced_random\mbv2_random_seed_42
18,0.5447211936208937,0.7526009678045908,0.8618527833772225,0.7484847996070719,0.01,128,mbv2_random,42,mbv2_random_seed_42,C:\Users\jakub\Documents\Magisterskie\DeepLearning\mobilenet\experiments\augmentation_advanced_random\advanced_random\mbv2_random_seed_42
19,0.5324437093098958,0.7286111858579848,0.8725670842263968,0.7499718417052501,0.01,128,mbv2_random,42,mbv2_random_seed_42,C:\Users\jakub\Documents\Magisterskie\DeepLearning\mobilenet\experiments\augmentation_advanced_random\advanced_random\mbv2_random_seed_42
20,0.5185741522894965,0.7450230025980208,0.8769853311708481,0.7481353460504441,0.01,128,mbv2_random,42,mbv2_random_seed_42,C:\Users\jakub\Documents\Magisterskie\DeepLearning\mobilenet\experiments\augmentation_advanced_random\advanced_random\mbv2_random_seed_42
21,0.5078297099113465,0.7523842790709602,0.8819765657224933,0.7517063264399495,0.01,128,mbv2_random,42,mbv2_random_seed_42,C:\Users\jakub\Documents\Magisterskie\DeepLearning\mobilenet\experiments\augmentation_advanced_random\advanced_random\mbv2_random_seed_42
22,0.4939567932128906,0.7457654192182753,0.8888656318518482,0.7521669824264132,0.01,128,mbv2_random,42,mbv2_random_seed_42,C:\Users\jakub\Documents\Magisterskie\DeepLearning\mobilenet\experiments\augmentation_advanced_random\advanced_random\mbv2_random_seed_42
23,0.4844054001702202,0.743958474609587,0.8914330433517252,0.7498375873344115,0.01,128,mbv2_random,42,mbv2_random_seed_42,C:\Users\jakub\Documents\Magisterskie\DeepLearning\mobilenet\experiments\augmentation_advanced_random\advanced_random\mbv2_random_seed_42
24,0.4743647902488708,0.7479140221913656,0.8990464398464286,0.753111344437311,0.01,128,mbv2_random,42,mbv2_random_seed_42,C:\Users\jakub\Documents\Magisterskie\DeepLearning\mobilenet\experiments\augmentation_advanced_random\advanced_random\mbv2_random_seed_42
25,0.4636469562424554,0.7585981451034546,0.8920612468814497,0.7485903795719137,0.01,128,mbv2_random,42,mbv2_random_seed_42,C:\Users\jakub\Documents\Magisterskie\DeepLearning\mobilenet\experiments\augmentation_advanced_random\advanced_random\mbv2_random_seed_42
0,1.6599256954193116,1.4105405233595103,0.4737664669372741,0.4667865396204987,0.01,128,mbv2_random,7,mbv2_random_seed_7,C:\Users\jakub\Documents\Magisterskie\DeepLearning\mobilenet\experiments\augmentation_advanced_random\advanced_random\mbv2_random_seed_7
1,1.261108430565728,1.155554528480106,0.5935200985850125,0.5801514425521568,0.01,128,mbv2_random,7,mbv2_random_seed_7,C:\Users\jakub\Documents\Magisterskie\DeepLearning\mobilenet\experiments\augmentation_advanced_random\advanced_random\mbv2_random_seed_7
2,1.112511262702942,1.0936375008689032,0.6283436969078584,0.6079023864419038,0.01,128,mbv2_random,7,mbv2_random_seed_7,C:\Users\jakub\Documents\Magisterskie\DeepLearning\mobilenet\experiments\augmentation_advanced_random\advanced_random\mbv2_random_seed_7
3,1.0105548960791697,0.9565597523583306,0.6793432808218943,0.6534938635966314,0.01,128,mbv2_random,7,mbv2_random_seed_7,C:\Users\jakub\Documents\Magisterskie\DeepLearning\mobilenet\experiments\augmentation_advanced_random\advanced_random\mbv2_random_seed_7
4,0.9363915584670172,0.8843761695649889,0.7129060089311905,0.6798038592505897,0.01,128,mbv2_random,7,mbv2_random_seed_7,C:\Users\jakub\Documents\Magisterskie\DeepLearning\mobilenet\experiments\augmentation_advanced_random\advanced_random\mbv2_random_seed_7
5,0.8732456013467577,0.8910313561757406,0.7160534499121839,0.6826244802057626,0.01,128,mbv2_random,7,mbv2_random_seed_7,C:\Users\jakub\Documents\Magisterskie\DeepLearning\mobilenet\experiments\augmentation_advanced_random\advanced_random\mbv2_random_seed_7
6,0.8214260070059034,0.8520092389318679,0.7423587659232582,0.6991310350648816,0.01,128,mbv2_random,7,mbv2_random_seed_7,C:\Users\jakub\Documents\Magisterskie\DeepLearning\mobilenet\experiments\augmentation_advanced_random\advanced_random\mbv2_random_seed_7
7,0.7801241417990791,0.7880648765881856,0.7700956052986306,0.7180485888255983,0.01,128,mbv2_random,7,mbv2_random_seed_7,C:\Users\jakub\Documents\Magisterskie\DeepLearning\mobilenet\experiments\augmentation_advanced_random\advanced_random\mbv2_random_seed_7
8,0.7481549854914348,0.7929352760685815,0.7808011201611649,0.7214752555153121,0.01,128,mbv2_random,7,mbv2_random_seed_7,C:\Users\jakub\Documents\Magisterskie\DeepLearning\mobilenet\experiments\augmentation_advanced_random\advanced_random\mbv2_random_seed_7
9,0.7138612480375501,0.7517714566760593,0.8006565647883092,0.7321875214888252,0.01,128,mbv2_random,7,mbv2_random_seed_7,C:\Users\jakub\Documents\Magisterskie\DeepLearning\mobilenet\experiments\augmentation_advanced_random\advanced_random\mbv2_random_seed_7
10,0.6890317086325751,0.7787049460305108,0.7932777217954614,0.72516357077123,0.01,128,mbv2_random,7,mbv2_random_seed_7,C:\Users\jakub\Documents\Magisterskie\DeepLearning\mobilenet\experiments\augmentation_advanced_random\advanced_random\mbv2_random_seed_7
11,0.663992240609063,0.7911986591180166,0.7995359541996028,0.7250479289377628,0.01,128,mbv2_random,7,mbv2_random_seed_7,C:\Users\jakub\Documents\Magisterskie\DeepLearning\mobilenet\experiments\augmentation_advanced_random\advanced_random\mbv2_random_seed_7
12,0.6425336954858568,0.7731859151204427,0.8104913269532765,0.7311329054236742,0.01,128,mbv2_random,7,mbv2_random_seed_7,C:\Users\jakub\Documents\Magisterskie\DeepLearning\mobilenet\experiments\augmentation_advanced_random\advanced_random\mbv2_random_seed_7
13,0.6227850309371948,0.7370494731638166,0.8295107564583548,0.7413392131618298,0.01,128,mbv2_random,7,mbv2_random_seed_7,C:\Users\jakub\Documents\Magisterskie\DeepLearning\mobilenet\experiments\augmentation_advanced_random\advanced_random\mbv2_random_seed_7
14,0.6036655911763509,0.7531189613501231,0.8345471213748509,0.740024344695617,0.01,128,mbv2_random,7,mbv2_random_seed_7,C:\Users\jakub\Documents\Magisterskie\DeepLearning\mobilenet\experiments\augmentation_advanced_random\advanced_random\mbv2_random_seed_7
15,0.5871186707602607,0.7256131205956141,0.8542816792593693,0.7477109852386018,0.01,128,mbv2_random,7,mbv2_random_seed_7,C:\Users\jakub\Documents\Magisterskie\DeepLearning\mobilenet\experiments\augmentation_advanced_random\advanced_random\mbv2_random_seed_7
16,0.5693503682613372,0.7276346837626563,0.8615039834960306,0.750315615133632,0.01,128,mbv2_random,7,mbv2_random_seed_7,C:\Users\jakub\Documents\Magisterskie\DeepLearning\mobilenet\experiments\augmentation_advanced_random\advanced_random\mbv2_random_seed_7
17,0.5532393163575067,0.7202311457792918,0.8645026417038398,0.7499221733103829,0.01,128,mbv2_random,7,mbv2_random_seed_7,C:\Users\jakub\Documents\Magisterskie\DeepLearning\mobilenet\experiments\augmentation_advanced_random\advanced_random\mbv2_random_seed_7
18,0.539960818417867,0.7273289959377712,0.86340751918813,0.7464506601920246,0.01,128,mbv2_random,7,mbv2_random_seed_7,C:\Users\jakub\Documents\Magisterskie\DeepLearning\mobilenet\experiments\augmentation_advanced_random\advanced_random\mbv2_random_seed_7
19,0.5278099299324883,0.777488116783566,0.8554119269151983,0.7396528224461477,0.01,128,mbv2_random,7,mbv2_random_seed_7,C:\Users\jakub\Documents\Magisterskie\DeepLearning\mobilenet\experiments\augmentation_advanced_random\advanced_random\mbv2_random_seed_7
20,0.5168845568815867,0.7479004932721456,0.8721293910380551,0.7510626384097346,0.01,128,mbv2_random,7,mbv2_random_seed_7,C:\Users\jakub\Documents\Magisterskie\DeepLearning\mobilenet\experiments\augmentation_advanced_random\advanced_random\mbv2_random_seed_7
21,0.506155492316352,0.7574705813619825,0.8832271789203165,0.7528229496689465,0.01,128,mbv2_random,7,mbv2_random_seed_7,C:\Users\jakub\Documents\Magisterskie\DeepLearning\mobilenet\experiments\augmentation_advanced_random\advanced_random\mbv2_random_seed_7
22,0.4935637607998318,0.7265058973418341,0.8920768743798231,0.7543979469856227,0.01,128,mbv2_random,7,mbv2_random_seed_7,C:\Users\jakub\Documents\Magisterskie\DeepLearning\mobilenet\experiments\augmentation_advanced_random\advanced_random\mbv2_random_seed_7
23,0.4831406919267442,0.7732671932962206,0.8860274374127854,0.7489969979767418,0.01,128,mbv2_random,7,mbv2_random_seed_7,C:\Users\jakub\Documents\Magisterskie\DeepLearning\mobilenet\experiments\augmentation_advanced_random\advanced_random\mbv2_random_seed_7
24,0.4703497441662682,0.7589114671177334,0.8949771669162503,0.7515282591432091,0.01,128,mbv2_random,7,mbv2_random_seed_7,C:\Users\jakub\Documents\Magisterskie\DeepLearning\mobilenet\experiments\augmentation_advanced_random\advanced_random\mbv2_random_seed_7
25,0.4629711074829101,0.7835842095163134,0.8882719475484077,0.7468736503445256,0.01,128,mbv2_random,7,mbv2_random_seed_7,C:\Users\jakub\Documents\Magisterskie\DeepLearning\mobilenet\experiments\augmentation_advanced_random\advanced_random\mbv2_random_seed_7
0,1.679511204041375,1.5650701856507196,0.4232387298172285,0.4196521975767686,0.01,128,mbv2_random,999,mbv2_random_seed_999,C:\Users\jakub\Documents\Magisterskie\DeepLearning\mobilenet\experiments\augmentation_advanced_random\advanced_random\mbv2_random_seed_999
1,1.2765255234188504,1.1939285376654731,0.5721992645065059,0.5593674342715484,0.01,128,mbv2_random,999,mbv2_random_seed_999,C:\Users\jakub\Documents\Magisterskie\DeepLearning\mobilenet\experiments\augmentation_advanced_random\advanced_random\mbv2_random_seed_999
2,1.1215917694091797,1.1531306319766574,0.6012236350480477,0.5828516227370961,0.01,128,mbv2_random,999,mbv2_random_seed_999,C:\Users\jakub\Documents\Magisterskie\DeepLearning\mobilenet\experiments\augmentation_advanced_random\advanced_random\mbv2_random_seed_999
3,1.021867348247104,0.9564361158794829,0.6811127350106009,0.6560738781211226,0.01,128,mbv2_random,999,mbv2_random_seed_999,C:\Users\jakub\Documents\Magisterskie\DeepLearning\mobilenet\experiments\augmentation_advanced_random\advanced_random\mbv2_random_seed_999
4,0.9463809993108112,0.9068952612029182,0.7074272518882955,0.6769669997499996,0.01,128,mbv2_random,999,mbv2_random_seed_999,C:\Users\jakub\Documents\Magisterskie\DeepLearning\mobilenet\experiments\augmentation_advanced_random\advanced_random\mbv2_random_seed_999
5,0.8874184283998278,0.8750672077814738,0.7206318791321524,0.6840664348775889,0.01,128,mbv2_random,999,mbv2_random_seed_999,C:\Users\jakub\Documents\Magisterskie\DeepLearning\mobilenet\experiments\augmentation_advanced_random\advanced_random\mbv2_random_seed_999
6,0.84121848487854,0.8502015187157524,0.7381834475407631,0.6985118232941049,0.01,128,mbv2_random,999,mbv2_random_seed_999,C:\Users\jakub\Documents\Magisterskie\DeepLearning\mobilenet\experiments\augmentation_advanced_random\advanced_random\mbv2_random_seed_999
7,0.8013806702931722,0.8370252866533068,0.7416534358218795,0.6966375286814461,0.01,128,mbv2_random,999,mbv2_random_seed_999,C:\Users\jakub\Documents\Magisterskie\DeepLearning\mobilenet\experiments\augmentation_advanced_random\advanced_random\mbv2_random_seed_999
8,0.7639418119006687,0.8080852319611443,0.7595477190013008,0.7088749630925335,0.01,128,mbv2_random,999,mbv2_random_seed_999,C:\Users\jakub\Documents\Magisterskie\DeepLearning\mobilenet\experiments\augmentation_advanced_random\advanced_random\mbv2_random_seed_999
9,0.730936196899414,0.7726209021250406,0.7869396137245253,0.7268336025904657,0.01,128,mbv2_random,999,mbv2_random_seed_999,C:\Users\jakub\Documents\Magisterskie\DeepLearning\mobilenet\experiments\augmentation_advanced_random\advanced_random\mbv2_random_seed_999
10,0.7043748967170715,0.7652901686880323,0.7931841388273957,0.7288794657692048,0.01,128,mbv2_random,999,mbv2_random_seed_999,C:\Users\jakub\Documents\Magisterskie\DeepLearning\mobilenet\experiments\augmentation_advanced_random\advanced_random\mbv2_random_seed_999
11,0.6789190074284871,0.7625144521421856,0.8019796383910004,0.7314547405352143,0.01,128,mbv2_random,999,mbv2_random_seed_999,C:\Users\jakub\Documents\Magisterskie\DeepLearning\mobilenet\experiments\augmentation_advanced_random\advanced_random\mbv2_random_seed_999
12,0.6601205629560682,0.8026025551901923,0.795475759734468,0.7243940302777798,0.01,128,mbv2_random,999,mbv2_random_seed_999,C:\Users\jakub\Documents\Magisterskie\DeepLearning\mobilenet\experiments\augmentation_advanced_random\advanced_random\mbv2_random_seed_999
13,0.6369974423514472,0.7471615110609267,0.8265403280601464,0.7425084593140323,0.01,128,mbv2_random,999,mbv2_random_seed_999,C:\Users\jakub\Documents\Magisterskie\DeepLearning\mobilenet\experiments\augmentation_advanced_random\advanced_random\mbv2_random_seed_999
14,0.6150696780734592,0.7400058213551839,0.8246114249519462,0.7396595856502424,0.01,128,mbv2_random,999,mbv2_random_seed_999,C:\Users\jakub\Documents\Magisterskie\DeepLearning\mobilenet\experiments\augmentation_advanced_random\advanced_random\mbv2_random_seed_999
15,0.6012867037243314,0.7632261158095466,0.8241220234111827,0.7372846938135121,0.01,128,mbv2_random,999,mbv2_random_seed_999,C:\Users\jakub\Documents\Magisterskie\DeepLearning\mobilenet\experiments\augmentation_advanced_random\advanced_random\mbv2_random_seed_999
16,0.5873727444118924,0.7387678834862179,0.8398855920049201,0.7429432414388567,0.01,128,mbv2_random,999,mbv2_random_seed_999,C:\Users\jakub\Documents\Magisterskie\DeepLearning\mobilenet\experiments\augmentation_advanced_random\advanced_random\mbv2_random_seed_999
17,0.5704721659660339,0.7337077726576063,0.8512902027770947,0.7500381640127218,0.01,128,mbv2_random,999,mbv2_random_seed_999,C:\Users\jakub\Documents\Magisterskie\DeepLearning\mobilenet\experiments\augmentation_advanced_random\advanced_random\mbv2_random_seed_999
18,0.5547633417447408,0.7361505946106381,0.858943845370914,0.7491043014912849,0.01,128,mbv2_random,999,mbv2_random_seed_999,C:\Users\jakub\Documents\Magisterskie\DeepLearning\mobilenet\experiments\augmentation_advanced_random\advanced_random\mbv2_random_seed_999
19,0.5394197855631511,0.7309174329413308,0.866815712252358,0.7510053873818284,0.01,128,mbv2_random,999,mbv2_random_seed_999,C:\Users\jakub\Documents\Magisterskie\DeepLearning\mobilenet\experiments\augmentation_advanced_random\advanced_random\mbv2_random_seed_999
20,0.5288198707792494,0.7329199272791544,0.8676929648047157,0.7504371619531459,0.01,128,mbv2_random,999,mbv2_random_seed_999,C:\Users\jakub\Documents\Magisterskie\DeepLearning\mobilenet\experiments\augmentation_advanced_random\advanced_random\mbv2_random_seed_999
21,0.5150443142996894,0.727362223678165,0.8759343283452866,0.7526468181226315,0.01,128,mbv2_random,999,mbv2_random_seed_999,C:\Users\jakub\Documents\Magisterskie\DeepLearning\mobilenet\experiments\augmentation_advanced_random\advanced_random\mbv2_random_seed_999
22,0.504164383231269,0.7361056923972236,0.8790957090013414,0.7520668345088193,0.01,128,mbv2_random,999,mbv2_random_seed_999,C:\Users\jakub\Documents\Magisterskie\DeepLearning\mobilenet\experiments\augmentation_advanced_random\advanced_random\mbv2_random_seed_999
23,0.4952120098061032,0.7352353554831611,0.8892242371304979,0.7580790266871142,0.01,128,mbv2_random,999,mbv2_random_seed_999,C:\Users\jakub\Documents\Magisterskie\DeepLearning\mobilenet\experiments\augmentation_advanced_random\advanced_random\mbv2_random_seed_999
24,0.4822221465640597,0.7182728043821123,0.8925106006214782,0.7591650576551336,0.01,128,mbv2_random,999,mbv2_random_seed_999,C:\Users\jakub\Documents\Magisterskie\DeepLearning\mobilenet\experiments\augmentation_advanced_random\advanced_random\mbv2_random_seed_999
25,0.4745033640331692,0.7373504760742188,0.8951882393618197,0.756092174492444,0.01,128,mbv2_random,999,mbv2_random_seed_999,C:\Users\jakub\Documents\Magisterskie\DeepLearning\mobilenet\experiments\augmentation_advanced_random\advanced_random\mbv2_random_seed_999
